-- MySQL dump 10.13  Distrib 8.0.19, for Win64 (x86_64)
--
-- Host: localhost    Database: clinicappointmentsystem
-- ------------------------------------------------------
-- Server version	5.5.5-10.4.32-MariaDB

/*!40101 SET @OLD_CHARACTER_SET_CLIENT=@@CHARACTER_SET_CLIENT */;
/*!40101 SET @OLD_CHARACTER_SET_RESULTS=@@CHARACTER_SET_RESULTS */;
/*!40101 SET @OLD_COLLATION_CONNECTION=@@COLLATION_CONNECTION */;
/*!50503 SET NAMES utf8mb4 */;
/*!40103 SET @OLD_TIME_ZONE=@@TIME_ZONE */;
/*!40103 SET TIME_ZONE='+00:00' */;
/*!40014 SET @OLD_UNIQUE_CHECKS=@@UNIQUE_CHECKS, UNIQUE_CHECKS=0 */;
/*!40014 SET @OLD_FOREIGN_KEY_CHECKS=@@FOREIGN_KEY_CHECKS, FOREIGN_KEY_CHECKS=0 */;
/*!40101 SET @OLD_SQL_MODE=@@SQL_MODE, SQL_MODE='NO_AUTO_VALUE_ON_ZERO' */;
/*!40111 SET @OLD_SQL_NOTES=@@SQL_NOTES, SQL_NOTES=0 */;

--
-- Table structure for table `appointments`
--

DROP TABLE IF EXISTS `appointments`;
/*!40101 SET @saved_cs_client     = @@character_set_client */;
/*!50503 SET character_set_client = utf8mb4 */;
CREATE TABLE `appointments` (
  `AppointmentID` int(11) NOT NULL AUTO_INCREMENT,
  `PatientID` int(11) DEFAULT NULL,
  `DoctorID` int(11) DEFAULT NULL,
  `BookingDate` date NOT NULL,
  `Time` time NOT NULL,
  `Status` enum('Scheduled','Completed','Cancelled') NOT NULL,
  PRIMARY KEY (`AppointmentID`),
  KEY `PatientID` (`PatientID`),
  KEY `DoctorID` (`DoctorID`),
  CONSTRAINT `appointments_ibfk_1` FOREIGN KEY (`PatientID`) REFERENCES `patients` (`PatientID`) ON DELETE CASCADE,
  CONSTRAINT `appointments_ibfk_2` FOREIGN KEY (`DoctorID`) REFERENCES `doctors` (`DoctorID`) ON DELETE CASCADE
) ENGINE=InnoDB AUTO_INCREMENT=501 DEFAULT CHARSET=utf8mb4 COLLATE=utf8mb4_general_ci;
/*!40101 SET character_set_client = @saved_cs_client */;

--
-- Dumping data for table `appointments`
--

LOCK TABLES `appointments` WRITE;
/*!40000 ALTER TABLE `appointments` DISABLE KEYS */;
INSERT INTO `appointments` VALUES (1,228,2,'2024-04-10','22:48:00','Cancelled'),(2,33,5,'2024-09-17','10:56:00','Cancelled'),(3,254,11,'2025-01-03','15:05:00','Cancelled'),(4,419,9,'2024-08-05','03:52:00','Scheduled'),(5,143,11,'2025-04-05','13:36:00','Completed'),(6,59,8,'2024-11-11','11:45:00','Completed'),(7,293,6,'2024-11-29','06:35:00','Cancelled'),(8,454,12,'2025-02-16','04:03:00','Completed'),(9,224,15,'2025-01-16','20:42:00','Completed'),(10,33,2,'2024-04-19','23:12:00','Cancelled'),(11,40,5,'2024-07-20','00:56:00','Completed'),(12,82,1,'2024-09-11','03:10:00','Completed'),(13,201,14,'2025-03-02','19:30:00','Scheduled'),(14,418,4,'2025-03-16','06:28:00','Scheduled'),(15,191,8,'2024-07-31','13:16:00','Cancelled'),(16,201,12,'2024-04-13','18:15:00','Cancelled'),(17,422,2,'2024-12-20','03:03:00','Cancelled'),(18,162,5,'2024-08-25','15:30:00','Scheduled'),(19,495,1,'2024-06-22','20:42:00','Scheduled'),(20,272,3,'2024-09-19','23:01:00','Completed'),(21,69,8,'2025-03-01','20:59:00','Scheduled'),(22,284,4,'2024-07-06','04:33:00','Cancelled'),(23,307,14,'2025-01-29','23:54:00','Completed'),(24,9,9,'2025-01-29','06:07:00','Scheduled'),(25,279,14,'2024-09-19','13:39:00','Completed'),(26,406,13,'2024-12-20','18:31:00','Scheduled'),(27,439,9,'2025-02-19','21:09:00','Cancelled'),(28,30,13,'2025-01-12','22:35:00','Scheduled'),(29,425,8,'2025-01-30','18:14:00','Cancelled'),(30,15,12,'2025-02-04','07:48:00','Cancelled'),(31,462,9,'2025-03-14','17:40:00','Cancelled'),(32,333,4,'2025-03-13','21:24:00','Completed'),(33,60,14,'2024-10-10','04:01:00','Cancelled'),(34,355,15,'2024-06-11','02:28:00','Cancelled'),(35,429,2,'2024-04-19','20:20:00','Cancelled'),(36,424,5,'2025-03-03','06:39:00','Completed'),(37,155,12,'2024-11-22','21:31:00','Cancelled'),(38,328,13,'2025-01-24','07:16:00','Cancelled'),(39,361,7,'2024-06-16','15:31:00','Cancelled'),(40,309,12,'2025-02-17','10:01:00','Completed'),(41,53,2,'2025-02-19','21:56:00','Completed'),(42,476,15,'2024-05-05','00:49:00','Scheduled'),(43,319,8,'2025-03-24','15:42:00','Completed'),(44,424,12,'2024-08-10','21:27:00','Scheduled'),(45,275,12,'2024-10-26','17:49:00','Scheduled'),(46,229,1,'2025-04-05','21:22:00','Cancelled'),(47,295,5,'2024-06-22','23:03:00','Cancelled'),(48,94,11,'2024-05-09','08:41:00','Completed'),(49,28,8,'2024-06-04','09:21:00','Scheduled'),(50,471,12,'2025-02-18','05:07:00','Completed'),(51,302,2,'2024-10-29','05:43:00','Scheduled'),(52,443,15,'2024-09-29','13:27:00','Cancelled'),(53,211,10,'2024-11-08','09:53:00','Cancelled'),(54,133,2,'2024-05-31','14:05:00','Completed'),(55,412,1,'2024-05-15','22:33:00','Scheduled'),(56,245,5,'2024-04-19','16:30:00','Scheduled'),(57,203,4,'2024-05-13','23:04:00','Scheduled'),(58,309,12,'2025-01-16','01:47:00','Completed'),(59,71,12,'2024-12-07','01:45:00','Cancelled'),(60,105,8,'2025-01-07','17:52:00','Cancelled'),(61,108,1,'2025-01-03','08:35:00','Cancelled'),(62,98,5,'2025-02-23','19:14:00','Completed'),(63,418,8,'2025-01-07','15:34:00','Completed'),(64,114,6,'2025-04-05','03:15:00','Scheduled'),(65,30,11,'2024-09-13','11:39:00','Cancelled'),(66,340,4,'2024-11-07','13:38:00','Scheduled'),(67,357,3,'2024-09-23','00:45:00','Cancelled'),(68,477,4,'2024-08-27','00:47:00','Completed'),(69,134,3,'2025-03-09','09:25:00','Completed'),(70,340,15,'2024-05-07','13:15:00','Completed'),(71,120,2,'2024-06-24','01:16:00','Completed'),(72,383,7,'2024-12-24','00:13:00','Completed'),(73,468,7,'2024-10-19','01:41:00','Scheduled'),(74,52,12,'2024-09-19','03:18:00','Completed'),(75,302,14,'2024-12-08','05:43:00','Completed'),(76,148,12,'2024-09-13','21:45:00','Scheduled'),(77,121,15,'2024-10-04','13:43:00','Completed'),(78,57,1,'2024-11-26','22:26:00','Completed'),(79,470,4,'2024-05-26','17:35:00','Completed'),(80,425,12,'2024-06-07','07:35:00','Scheduled'),(81,272,5,'2024-07-19','13:34:00','Completed'),(82,241,6,'2024-08-25','04:39:00','Scheduled'),(83,385,11,'2024-04-24','18:50:00','Completed'),(84,310,3,'2024-12-05','15:08:00','Cancelled'),(85,34,7,'2025-03-19','23:58:00','Cancelled'),(86,248,10,'2025-03-04','10:57:00','Cancelled'),(87,239,13,'2024-08-29','20:02:00','Scheduled'),(88,98,7,'2025-04-04','01:49:00','Scheduled'),(89,374,5,'2024-08-25','21:25:00','Scheduled'),(90,250,1,'2024-09-25','10:39:00','Completed'),(91,480,8,'2024-11-30','09:31:00','Completed'),(92,48,2,'2024-09-05','04:28:00','Cancelled'),(93,131,5,'2024-10-09','23:00:00','Completed'),(94,102,4,'2024-06-27','13:10:00','Cancelled'),(95,444,7,'2024-05-23','05:32:00','Completed'),(96,233,5,'2025-01-07','20:31:00','Completed'),(97,267,12,'2025-01-22','08:31:00','Scheduled'),(98,367,7,'2025-01-13','08:22:00','Completed'),(99,108,5,'2024-09-19','21:14:00','Scheduled'),(100,3,13,'2024-10-08','13:10:00','Cancelled'),(101,259,6,'2025-02-23','06:44:00','Completed'),(102,467,6,'2024-05-25','03:54:00','Cancelled'),(103,36,14,'2024-10-03','13:15:00','Completed'),(104,274,9,'2024-05-20','23:52:00','Cancelled'),(105,429,3,'2024-12-20','03:36:00','Completed'),(106,172,14,'2025-03-24','17:14:00','Cancelled'),(107,373,13,'2024-05-08','21:11:00','Completed'),(108,360,4,'2024-07-09','12:09:00','Scheduled'),(109,311,9,'2024-07-22','14:30:00','Cancelled'),(110,67,1,'2024-04-13','04:38:00','Cancelled'),(111,390,9,'2024-06-06','04:06:00','Scheduled'),(112,123,4,'2025-03-09','12:52:00','Completed'),(113,444,12,'2024-10-02','02:15:00','Completed'),(114,188,9,'2024-07-22','08:56:00','Completed'),(115,310,8,'2025-02-03','19:43:00','Scheduled'),(116,290,8,'2024-11-09','04:07:00','Completed'),(117,61,9,'2024-09-30','21:21:00','Completed'),(118,284,4,'2024-08-09','15:05:00','Cancelled'),(119,425,5,'2025-02-18','04:39:00','Completed'),(120,451,9,'2024-09-18','12:26:00','Cancelled'),(121,13,1,'2025-04-04','01:27:00','Completed'),(122,347,11,'2024-08-30','22:21:00','Completed'),(123,76,1,'2024-07-21','09:28:00','Scheduled'),(124,194,13,'2024-11-24','18:10:00','Cancelled'),(125,399,5,'2025-01-30','03:24:00','Cancelled'),(126,300,9,'2024-05-04','17:07:00','Cancelled'),(127,370,2,'2024-11-17','02:32:00','Cancelled'),(128,131,1,'2024-08-16','12:45:00','Completed'),(129,17,6,'2025-01-24','05:29:00','Completed'),(130,10,8,'2024-06-10','03:57:00','Scheduled'),(131,244,13,'2025-01-13','06:28:00','Scheduled'),(132,320,7,'2024-10-05','13:30:00','Scheduled'),(133,278,15,'2024-11-01','15:38:00','Completed'),(134,139,4,'2025-02-06','19:07:00','Scheduled'),(135,32,3,'2024-04-25','14:54:00','Completed'),(136,64,1,'2024-05-02','09:13:00','Scheduled'),(137,340,3,'2025-01-05','15:27:00','Cancelled'),(138,393,1,'2025-03-04','12:55:00','Cancelled'),(139,459,6,'2024-12-29','10:55:00','Cancelled'),(140,435,15,'2025-01-09','08:33:00','Scheduled'),(141,178,15,'2024-12-21','09:56:00','Cancelled'),(142,79,1,'2025-01-19','06:32:00','Scheduled'),(143,38,6,'2025-01-29','17:31:00','Completed'),(144,319,12,'2024-06-21','18:00:00','Completed'),(145,271,9,'2024-12-31','04:08:00','Cancelled'),(146,355,15,'2024-07-12','03:01:00','Cancelled'),(147,93,6,'2024-09-05','18:41:00','Scheduled'),(148,64,5,'2024-04-15','09:30:00','Scheduled'),(149,491,13,'2025-03-09','18:01:00','Scheduled'),(150,193,10,'2025-03-25','03:45:00','Scheduled'),(151,131,15,'2024-12-31','02:10:00','Completed'),(152,30,11,'2024-04-17','01:13:00','Cancelled'),(153,426,12,'2025-01-13','01:56:00','Completed'),(154,368,10,'2024-12-20','19:56:00','Completed'),(155,198,14,'2024-12-19','06:42:00','Cancelled'),(156,460,9,'2024-11-06','01:32:00','Cancelled'),(157,133,2,'2024-12-18','16:58:00','Cancelled'),(158,40,9,'2024-11-23','00:37:00','Scheduled'),(159,28,4,'2024-09-03','00:26:00','Cancelled'),(160,202,8,'2024-11-01','12:31:00','Cancelled'),(161,249,10,'2024-07-12','21:34:00','Cancelled'),(162,396,4,'2025-03-28','11:26:00','Cancelled'),(163,410,1,'2025-01-04','01:05:00','Completed'),(164,395,7,'2024-12-10','11:26:00','Completed'),(165,52,1,'2025-04-01','18:34:00','Scheduled'),(166,381,10,'2024-09-07','11:54:00','Scheduled'),(167,295,4,'2024-06-13','19:47:00','Cancelled'),(168,369,3,'2025-02-25','20:31:00','Completed'),(169,80,10,'2024-07-27','12:40:00','Scheduled'),(170,52,14,'2024-07-29','17:15:00','Cancelled'),(171,324,14,'2024-07-21','01:02:00','Completed'),(172,226,3,'2024-09-04','19:54:00','Scheduled'),(173,10,5,'2025-04-04','08:28:00','Cancelled'),(174,155,5,'2025-03-17','22:57:00','Cancelled'),(175,101,8,'2024-09-30','04:16:00','Cancelled'),(176,406,6,'2024-05-16','09:17:00','Completed'),(177,313,2,'2025-04-02','17:25:00','Completed'),(178,170,13,'2024-05-04','20:13:00','Scheduled'),(179,399,2,'2024-08-10','08:00:00','Completed'),(180,475,7,'2025-02-21','15:30:00','Completed'),(181,55,6,'2024-06-09','11:09:00','Cancelled'),(182,456,1,'2025-02-01','07:20:00','Completed'),(183,370,8,'2025-03-29','07:12:00','Completed'),(184,289,10,'2024-08-15','21:24:00','Scheduled'),(185,357,6,'2024-08-03','12:32:00','Scheduled'),(186,78,10,'2024-07-29','10:12:00','Scheduled'),(187,8,13,'2024-11-19','07:42:00','Scheduled'),(188,335,10,'2024-07-27','17:15:00','Completed'),(189,464,6,'2024-10-07','20:40:00','Completed'),(190,221,4,'2024-11-11','23:28:00','Cancelled'),(191,80,13,'2024-04-21','12:32:00','Cancelled'),(192,393,9,'2025-01-28','00:14:00','Scheduled'),(193,184,13,'2025-02-27','11:31:00','Scheduled'),(194,163,5,'2024-09-04','06:28:00','Cancelled'),(195,480,14,'2025-03-30','16:42:00','Cancelled'),(196,495,10,'2024-11-23','14:55:00','Completed'),(197,241,4,'2025-04-06','23:39:00','Cancelled'),(198,342,9,'2025-01-06','07:23:00','Completed'),(199,145,8,'2024-10-10','15:20:00','Cancelled'),(200,86,3,'2025-02-04','16:39:00','Scheduled'),(201,163,3,'2024-12-02','03:03:00','Scheduled'),(202,77,6,'2025-03-02','15:24:00','Cancelled'),(203,196,3,'2025-04-05','05:17:00','Scheduled'),(204,1,11,'2024-07-15','01:08:00','Scheduled'),(205,482,10,'2025-03-26','16:19:00','Cancelled'),(206,327,4,'2024-10-09','22:06:00','Cancelled'),(207,172,5,'2025-02-22','04:11:00','Completed'),(208,394,13,'2024-10-08','12:22:00','Completed'),(209,357,15,'2024-09-21','00:33:00','Scheduled'),(210,79,6,'2024-10-30','22:11:00','Cancelled'),(211,298,7,'2024-11-23','01:59:00','Cancelled'),(212,183,2,'2024-09-14','09:46:00','Cancelled'),(213,281,10,'2025-03-19','15:36:00','Completed'),(214,72,12,'2025-03-22','12:06:00','Completed'),(215,405,4,'2024-07-06','15:00:00','Completed'),(216,391,5,'2024-04-10','01:45:00','Completed'),(217,341,13,'2024-08-24','18:40:00','Completed'),(218,246,1,'2025-02-14','12:13:00','Scheduled'),(219,195,5,'2024-04-20','19:00:00','Completed'),(220,292,12,'2024-06-16','22:15:00','Scheduled'),(221,487,13,'2024-09-26','14:24:00','Completed'),(222,33,1,'2024-06-07','09:18:00','Completed'),(223,210,8,'2024-07-15','12:52:00','Scheduled'),(224,45,14,'2025-03-24','17:23:00','Cancelled'),(225,40,1,'2025-02-21','09:33:00','Completed'),(226,306,2,'2024-04-25','13:44:00','Completed'),(227,344,9,'2024-06-08','00:19:00','Completed'),(228,306,9,'2024-05-05','08:52:00','Completed'),(229,325,13,'2025-02-04','12:03:00','Completed'),(230,154,3,'2024-08-27','11:56:00','Cancelled'),(231,312,3,'2024-06-21','16:14:00','Scheduled'),(232,292,15,'2024-09-12','19:51:00','Completed'),(233,80,10,'2024-10-07','11:39:00','Scheduled'),(234,201,8,'2025-04-02','03:19:00','Cancelled'),(235,255,2,'2024-07-31','18:48:00','Cancelled'),(236,210,13,'2024-09-17','18:19:00','Completed'),(237,457,2,'2025-01-28','09:02:00','Scheduled'),(238,337,15,'2024-09-03','07:10:00','Completed'),(239,4,2,'2024-11-10','08:55:00','Scheduled'),(240,235,5,'2024-05-23','11:45:00','Cancelled'),(241,315,6,'2024-08-18','19:43:00','Scheduled'),(242,119,11,'2025-01-05','18:00:00','Cancelled'),(243,441,3,'2025-03-11','13:06:00','Completed'),(244,409,10,'2025-02-03','07:40:00','Completed'),(245,81,2,'2024-10-05','04:06:00','Cancelled'),(246,34,11,'2024-08-31','16:43:00','Completed'),(247,425,14,'2024-08-12','02:35:00','Scheduled'),(248,453,8,'2024-11-20','05:49:00','Scheduled'),(249,99,11,'2024-09-04','14:12:00','Scheduled'),(250,121,1,'2025-02-04','04:49:00','Completed'),(251,73,5,'2024-05-22','14:54:00','Cancelled'),(252,244,9,'2024-11-05','06:58:00','Completed'),(253,346,3,'2024-05-19','15:46:00','Completed'),(254,146,15,'2024-05-26','02:52:00','Scheduled'),(255,318,8,'2024-05-05','06:54:00','Completed'),(256,362,12,'2024-07-23','11:28:00','Completed'),(257,373,7,'2025-01-15','08:54:00','Completed'),(258,209,13,'2024-08-01','17:26:00','Completed'),(259,88,2,'2024-12-14','11:15:00','Completed'),(260,94,7,'2024-05-23','21:19:00','Completed'),(261,199,4,'2024-08-31','00:47:00','Scheduled'),(262,43,4,'2024-07-28','01:26:00','Completed'),(263,381,9,'2024-08-01','22:18:00','Cancelled'),(264,159,5,'2024-07-01','11:33:00','Cancelled'),(265,181,14,'2024-05-17','13:11:00','Cancelled'),(266,41,11,'2024-05-31','16:29:00','Completed'),(267,15,11,'2024-12-10','13:19:00','Scheduled'),(268,144,12,'2024-07-10','09:48:00','Cancelled'),(269,254,13,'2024-09-25','03:47:00','Cancelled'),(270,233,6,'2024-11-24','01:39:00','Scheduled'),(271,469,13,'2025-04-09','02:25:00','Cancelled'),(272,315,11,'2024-06-25','12:33:00','Scheduled'),(273,371,1,'2025-03-06','15:08:00','Scheduled'),(274,24,13,'2025-03-23','06:01:00','Cancelled'),(275,59,8,'2024-07-25','10:21:00','Scheduled'),(276,436,13,'2024-08-03','21:11:00','Completed'),(277,169,10,'2024-09-04','23:33:00','Cancelled'),(278,385,9,'2024-10-19','00:34:00','Completed'),(279,317,3,'2024-04-23','23:42:00','Cancelled'),(280,128,2,'2024-11-02','08:05:00','Cancelled'),(281,309,11,'2024-07-13','12:27:00','Scheduled'),(282,111,10,'2024-11-28','18:53:00','Scheduled'),(283,274,11,'2024-09-07','04:20:00','Scheduled'),(284,434,15,'2024-12-18','17:19:00','Scheduled'),(285,190,12,'2024-12-10','15:52:00','Scheduled'),(286,167,6,'2024-05-28','17:40:00','Completed'),(287,69,3,'2024-11-14','13:56:00','Cancelled'),(288,273,6,'2024-04-28','14:44:00','Cancelled'),(289,271,7,'2025-03-20','16:06:00','Cancelled'),(290,252,1,'2024-11-13','18:47:00','Scheduled'),(291,280,13,'2024-07-18','06:53:00','Scheduled'),(292,167,7,'2024-10-04','00:15:00','Scheduled'),(293,135,11,'2024-05-04','12:04:00','Scheduled'),(294,387,15,'2024-10-11','11:05:00','Scheduled'),(295,353,2,'2024-07-18','13:03:00','Cancelled'),(296,485,13,'2025-03-19','06:01:00','Completed'),(297,487,4,'2024-05-19','12:09:00','Scheduled'),(298,394,6,'2025-01-03','03:20:00','Scheduled'),(299,107,5,'2024-07-07','02:25:00','Cancelled'),(300,93,2,'2024-05-25','12:57:00','Cancelled'),(301,377,3,'2025-01-12','05:27:00','Scheduled'),(302,39,8,'2024-05-03','03:54:00','Cancelled'),(303,385,11,'2024-11-11','13:51:00','Cancelled'),(304,462,3,'2025-01-11','01:21:00','Scheduled'),(305,15,14,'2025-01-22','14:53:00','Cancelled'),(306,389,2,'2024-05-08','02:45:00','Cancelled'),(307,10,1,'2024-11-19','12:01:00','Completed'),(308,161,3,'2024-04-30','09:53:00','Cancelled'),(309,138,6,'2024-12-18','06:14:00','Completed'),(310,430,6,'2024-10-07','09:32:00','Cancelled'),(311,343,15,'2024-09-26','02:48:00','Completed'),(312,303,5,'2024-10-07','18:03:00','Scheduled'),(313,245,4,'2025-03-29','21:00:00','Cancelled'),(314,272,10,'2024-12-17','05:15:00','Scheduled'),(315,464,7,'2025-02-08','10:16:00','Completed'),(316,462,1,'2025-02-03','05:07:00','Scheduled'),(317,279,9,'2024-10-30','06:35:00','Scheduled'),(318,348,15,'2025-01-25','20:32:00','Scheduled'),(319,376,7,'2024-05-15','21:49:00','Cancelled'),(320,494,7,'2024-11-23','08:19:00','Scheduled'),(321,33,13,'2024-10-08','06:02:00','Cancelled'),(322,29,13,'2024-11-21','11:14:00','Scheduled'),(323,268,10,'2024-11-12','23:48:00','Cancelled'),(324,7,13,'2024-12-02','00:51:00','Scheduled'),(325,174,11,'2024-06-08','16:44:00','Cancelled'),(326,24,14,'2025-03-25','03:02:00','Scheduled'),(327,473,5,'2024-05-17','00:44:00','Completed'),(328,313,2,'2025-04-05','07:56:00','Completed'),(329,129,11,'2024-06-16','14:58:00','Completed'),(330,360,6,'2025-02-11','06:57:00','Completed'),(331,335,8,'2024-08-30','11:25:00','Scheduled'),(332,26,2,'2024-08-01','23:31:00','Scheduled'),(333,388,4,'2025-03-08','07:14:00','Scheduled'),(334,100,8,'2024-07-06','10:40:00','Scheduled'),(335,481,13,'2024-05-12','08:25:00','Completed'),(336,350,13,'2024-12-04','16:41:00','Completed'),(337,314,5,'2024-11-14','19:12:00','Completed'),(338,167,10,'2025-03-04','13:14:00','Scheduled'),(339,208,12,'2024-07-18','20:16:00','Completed'),(340,47,15,'2024-05-29','00:23:00','Cancelled'),(341,254,6,'2025-03-01','12:34:00','Cancelled'),(342,485,7,'2024-04-12','15:27:00','Completed'),(343,198,7,'2025-02-24','00:54:00','Cancelled'),(344,158,11,'2024-07-08','21:33:00','Cancelled'),(345,173,10,'2024-08-18','07:55:00','Cancelled'),(346,323,13,'2024-12-12','03:52:00','Scheduled'),(347,20,3,'2025-04-10','03:03:00','Completed'),(348,403,7,'2024-12-31','04:37:00','Cancelled'),(349,196,15,'2025-03-11','17:32:00','Completed'),(350,253,12,'2024-09-08','20:12:00','Cancelled'),(351,404,11,'2025-02-09','13:53:00','Scheduled'),(352,11,2,'2024-06-01','21:59:00','Cancelled'),(353,249,8,'2025-02-13','02:18:00','Cancelled'),(354,495,4,'2024-06-04','13:53:00','Scheduled'),(355,115,8,'2024-05-25','08:22:00','Cancelled'),(356,343,7,'2024-10-14','17:50:00','Completed'),(357,300,1,'2025-01-22','08:23:00','Completed'),(358,122,13,'2024-12-28','09:37:00','Completed'),(359,484,13,'2024-11-04','19:32:00','Completed'),(360,407,8,'2024-06-25','16:31:00','Completed'),(361,77,15,'2024-08-08','15:49:00','Scheduled'),(362,114,15,'2025-01-18','04:26:00','Scheduled'),(363,259,14,'2025-04-02','07:25:00','Scheduled'),(364,7,11,'2024-08-03','01:23:00','Cancelled'),(365,253,10,'2024-05-28','06:28:00','Cancelled'),(366,366,3,'2024-07-18','08:42:00','Scheduled'),(367,375,2,'2025-01-19','10:59:00','Scheduled'),(368,83,15,'2024-05-16','17:36:00','Scheduled'),(369,214,8,'2024-07-21','23:31:00','Scheduled'),(370,445,2,'2024-12-21','17:34:00','Completed'),(371,46,4,'2025-02-01','18:35:00','Cancelled'),(372,57,8,'2025-02-15','10:28:00','Completed'),(373,153,1,'2025-01-23','10:58:00','Completed'),(374,122,1,'2024-05-09','08:33:00','Completed'),(375,104,8,'2024-06-03','00:04:00','Scheduled'),(376,131,10,'2024-08-14','12:26:00','Completed'),(377,102,8,'2024-05-02','06:16:00','Cancelled'),(378,239,12,'2024-12-08','04:33:00','Cancelled'),(379,175,2,'2024-05-08','16:45:00','Completed'),(380,1,9,'2025-02-09','02:54:00','Scheduled'),(381,51,6,'2024-05-08','09:19:00','Completed'),(382,200,6,'2024-07-30','09:07:00','Completed'),(383,286,6,'2024-11-03','00:45:00','Scheduled'),(384,233,3,'2024-05-26','13:48:00','Cancelled'),(385,179,7,'2025-02-18','23:14:00','Scheduled'),(386,300,9,'2024-11-05','08:59:00','Completed'),(387,116,2,'2024-10-15','23:54:00','Completed'),(388,421,11,'2025-02-05','04:30:00','Cancelled'),(389,265,6,'2025-04-10','19:48:00','Completed'),(390,72,4,'2024-06-18','10:10:00','Scheduled'),(391,498,13,'2024-07-31','16:54:00','Cancelled'),(392,33,9,'2025-02-28','09:01:00','Cancelled'),(393,17,10,'2025-02-16','07:12:00','Cancelled'),(394,210,14,'2025-03-25','11:23:00','Scheduled'),(395,64,10,'2025-01-05','08:11:00','Completed'),(396,99,3,'2024-07-30','06:23:00','Completed'),(397,24,10,'2025-03-30','13:48:00','Completed'),(398,306,9,'2025-01-30','12:28:00','Scheduled'),(399,451,15,'2025-01-23','23:18:00','Cancelled'),(400,252,10,'2024-07-13','11:18:00','Completed'),(401,75,13,'2024-07-30','17:34:00','Completed'),(402,270,15,'2025-01-23','05:51:00','Scheduled'),(403,219,2,'2024-10-20','22:24:00','Cancelled'),(404,480,5,'2024-07-31','06:55:00','Scheduled'),(405,173,11,'2024-04-30','12:54:00','Scheduled'),(406,364,3,'2025-01-18','09:38:00','Completed'),(407,380,10,'2024-08-22','18:49:00','Completed'),(408,473,11,'2025-01-02','22:53:00','Scheduled'),(409,482,5,'2024-06-21','09:17:00','Cancelled'),(410,348,7,'2024-04-13','09:45:00','Scheduled'),(411,146,15,'2024-05-11','19:05:00','Completed'),(412,28,12,'2024-11-12','23:36:00','Completed'),(413,299,5,'2024-07-04','04:30:00','Completed'),(414,411,12,'2024-12-04','00:18:00','Completed'),(415,233,14,'2024-08-25','08:41:00','Completed'),(416,284,10,'2024-09-14','16:27:00','Cancelled'),(417,418,3,'2024-08-04','14:34:00','Completed'),(418,255,7,'2024-12-10','18:00:00','Cancelled'),(419,93,15,'2025-03-14','03:39:00','Completed'),(420,186,5,'2024-06-19','05:13:00','Cancelled'),(421,409,10,'2025-02-09','04:50:00','Scheduled'),(422,60,7,'2024-12-02','17:52:00','Scheduled'),(423,103,15,'2025-03-28','07:29:00','Completed'),(424,397,4,'2024-11-28','17:21:00','Scheduled'),(425,344,13,'2024-04-17','14:47:00','Completed'),(426,255,3,'2024-04-17','16:41:00','Completed'),(427,467,5,'2024-06-21','19:41:00','Cancelled'),(428,153,14,'2024-08-10','01:18:00','Completed'),(429,281,2,'2025-01-23','01:04:00','Cancelled'),(430,259,11,'2025-03-14','02:52:00','Cancelled'),(431,277,7,'2024-06-10','00:19:00','Cancelled'),(432,8,8,'2024-07-24','15:12:00','Completed'),(433,193,13,'2024-10-07','14:24:00','Scheduled'),(434,334,8,'2024-04-11','03:18:00','Cancelled'),(435,458,11,'2025-03-09','02:47:00','Completed'),(436,60,13,'2024-05-01','12:53:00','Completed'),(437,14,12,'2024-08-11','17:00:00','Scheduled'),(438,451,15,'2024-06-06','14:16:00','Scheduled'),(439,88,4,'2025-01-12','04:10:00','Scheduled'),(440,421,6,'2024-12-19','23:13:00','Cancelled'),(441,431,13,'2025-03-13','21:23:00','Cancelled'),(442,123,13,'2025-03-19','11:01:00','Completed'),(443,121,1,'2024-11-22','20:02:00','Scheduled'),(444,446,2,'2024-08-28','07:24:00','Cancelled'),(445,127,13,'2024-09-11','02:59:00','Scheduled'),(446,323,10,'2025-04-06','17:15:00','Completed'),(447,137,4,'2025-01-02','21:46:00','Cancelled'),(448,317,15,'2024-04-20','21:29:00','Completed'),(449,381,8,'2025-01-13','12:58:00','Cancelled'),(450,95,13,'2024-07-29','04:58:00','Completed'),(451,97,5,'2025-01-20','04:27:00','Cancelled'),(452,168,10,'2025-01-08','20:52:00','Cancelled'),(453,383,13,'2024-07-22','15:07:00','Scheduled'),(454,453,8,'2024-12-26','05:47:00','Completed'),(455,217,13,'2025-01-07','14:18:00','Scheduled'),(456,353,10,'2024-10-16','00:14:00','Completed'),(457,209,3,'2025-01-26','08:14:00','Scheduled'),(458,50,4,'2024-07-06','03:44:00','Scheduled'),(459,429,4,'2024-07-15','00:58:00','Scheduled'),(460,9,15,'2024-12-16','08:35:00','Scheduled'),(461,276,10,'2025-01-31','07:27:00','Completed'),(462,476,4,'2025-03-17','01:26:00','Cancelled'),(463,331,4,'2024-06-27','13:58:00','Scheduled'),(464,191,6,'2024-08-11','10:55:00','Completed'),(465,338,5,'2024-08-07','21:32:00','Scheduled'),(466,380,2,'2024-11-01','09:09:00','Scheduled'),(467,396,1,'2024-09-09','14:12:00','Cancelled'),(468,303,5,'2024-08-12','21:29:00','Completed'),(469,315,7,'2024-10-01','10:12:00','Cancelled'),(470,302,10,'2025-02-14','16:07:00','Completed'),(471,33,7,'2025-01-17','07:38:00','Cancelled'),(472,279,1,'2024-07-25','03:52:00','Scheduled'),(473,81,7,'2024-07-01','02:35:00','Cancelled'),(474,385,10,'2024-11-18','02:56:00','Cancelled'),(475,83,4,'2024-10-29','13:11:00','Scheduled'),(476,241,6,'2025-02-02','00:55:00','Cancelled'),(477,6,6,'2024-05-31','17:23:00','Scheduled'),(478,427,5,'2024-06-10','10:39:00','Scheduled'),(479,24,4,'2024-12-02','03:40:00','Scheduled'),(480,13,6,'2024-05-29','08:24:00','Scheduled'),(481,88,4,'2024-12-27','04:08:00','Scheduled'),(482,437,13,'2024-04-24','15:49:00','Cancelled'),(483,122,12,'2025-02-02','06:32:00','Cancelled'),(484,192,9,'2025-02-16','09:11:00','Completed'),(485,470,8,'2025-03-31','21:28:00','Cancelled'),(486,134,4,'2025-03-25','19:07:00','Cancelled'),(487,494,2,'2024-08-10','13:46:00','Completed'),(488,1,10,'2024-12-16','06:09:00','Completed'),(489,110,14,'2024-06-05','00:49:00','Cancelled'),(490,400,3,'2024-10-09','07:34:00','Cancelled'),(491,395,6,'2024-08-12','06:17:00','Scheduled'),(492,148,10,'2024-05-26','15:30:00','Cancelled'),(493,147,13,'2024-12-01','08:30:00','Scheduled'),(494,371,5,'2024-11-09','12:52:00','Scheduled'),(495,162,6,'2025-02-05','15:13:00','Completed'),(496,445,6,'2025-01-03','16:10:00','Cancelled'),(497,163,5,'2025-02-20','00:42:00','Cancelled'),(498,271,7,'2024-12-04','07:16:00','Cancelled'),(499,188,12,'2024-07-10','04:12:00','Cancelled'),(500,156,7,'2024-11-04','01:03:00','Cancelled');
/*!40000 ALTER TABLE `appointments` ENABLE KEYS */;
UNLOCK TABLES;

--
-- Table structure for table `doctors`
--

DROP TABLE IF EXISTS `doctors`;
/*!40101 SET @saved_cs_client     = @@character_set_client */;
/*!50503 SET character_set_client = utf8mb4 */;
CREATE TABLE `doctors` (
  `DoctorID` int(11) NOT NULL AUTO_INCREMENT,
  `Name` varchar(100) NOT NULL,
  `Specialization` varchar(100) NOT NULL,
  `ContactDetails` varchar(50) NOT NULL,
  PRIMARY KEY (`DoctorID`)
) ENGINE=InnoDB AUTO_INCREMENT=16 DEFAULT CHARSET=utf8mb4 COLLATE=utf8mb4_general_ci;
/*!40101 SET character_set_client = @saved_cs_client */;

--
-- Dumping data for table `doctors`
--

LOCK TABLES `doctors` WRITE;
/*!40000 ALTER TABLE `doctors` DISABLE KEYS */;
INSERT INTO `doctors` VALUES (1,'Dr. Jeremy Thomas','Urologist','001-938-591-2854x0264'),(2,'Dr. Megan Adams','Hematologist','074-298-9764x02874'),(3,'Dr. Jennifer Martinez','Pediatrician','+1-460-867-9321x7523'),(4,'Dr. Stephanie Palmer','General Practitioner','(726)006-1607x3351'),(5,'Dr. Terrence Chen','Rheumatologist','+1-248-220-8197'),(6,'Dr. Roberto Lee','Neurologist','+1-990-008-1350x2665'),(7,'Dr. Blake Johnson','Gastroenterologist','+1-959-842-4866x83845'),(8,'Dr. Miss Debbie Young','Pulmonologist','001-572-679-2101x6053'),(9,'Dr. Ashley Decker','Psychiatrist','(264)517-9123x833'),(10,'Dr. Kelly Medina','Pulmonologist','+1-959-076-2491'),(11,'Dr. Mark Macias','Cardiologist','554.482.1381'),(12,'Dr. Anna Compton','General Practitioner','001-644-782-7350x6910'),(13,'Dr. Gabriella Espinoza','Dermatologist','714.729.6221'),(14,'Dr. Shirley Williams','Urologist','272-051-0060x66204'),(15,'Dr. Yolanda Hess','Dermatologist','(610)536-4469x6658');
/*!40000 ALTER TABLE `doctors` ENABLE KEYS */;
UNLOCK TABLES;

--
-- Table structure for table `medicalrecords`
--

DROP TABLE IF EXISTS `medicalrecords`;
/*!40101 SET @saved_cs_client     = @@character_set_client */;
/*!50503 SET character_set_client = utf8mb4 */;
CREATE TABLE `medicalrecords` (
  `RecordID` int(11) NOT NULL AUTO_INCREMENT,
  `PatientID` int(11) DEFAULT NULL,
  `DoctorID` int(11) DEFAULT NULL,
  `EntryDate` date NOT NULL,
  PRIMARY KEY (`RecordID`),
  KEY `PatientID` (`PatientID`),
  KEY `DoctorID` (`DoctorID`),
  CONSTRAINT `medicalrecords_ibfk_1` FOREIGN KEY (`PatientID`) REFERENCES `patients` (`PatientID`) ON DELETE CASCADE,
  CONSTRAINT `medicalrecords_ibfk_2` FOREIGN KEY (`DoctorID`) REFERENCES `doctors` (`DoctorID`) ON DELETE CASCADE
) ENGINE=InnoDB AUTO_INCREMENT=501 DEFAULT CHARSET=utf8mb4 COLLATE=utf8mb4_general_ci;
/*!40101 SET character_set_client = @saved_cs_client */;

--
-- Dumping data for table `medicalrecords`
--

LOCK TABLES `medicalrecords` WRITE;
/*!40000 ALTER TABLE `medicalrecords` DISABLE KEYS */;
INSERT INTO `medicalrecords` VALUES (1,228,2,'2024-04-10'),(2,33,5,'2024-09-17'),(3,254,11,'2025-01-03'),(4,419,9,'2024-08-05'),(5,143,11,'2025-04-05'),(6,59,8,'2024-11-11'),(7,293,6,'2024-11-29'),(8,454,12,'2025-02-16'),(9,224,15,'2025-01-16'),(10,33,2,'2024-04-19'),(11,40,5,'2024-07-20'),(12,82,1,'2024-09-11'),(13,201,14,'2025-03-02'),(14,418,4,'2025-03-16'),(15,191,8,'2024-07-31'),(16,201,12,'2024-04-13'),(17,422,2,'2024-12-20'),(18,162,5,'2024-08-25'),(19,495,1,'2024-06-22'),(20,272,3,'2024-09-19'),(21,69,8,'2025-03-01'),(22,284,4,'2024-07-06'),(23,307,14,'2025-01-29'),(24,9,9,'2025-01-29'),(25,279,14,'2024-09-19'),(26,406,13,'2024-12-20'),(27,439,9,'2025-02-19'),(28,30,13,'2025-01-12'),(29,425,8,'2025-01-30'),(30,15,12,'2025-02-04'),(31,462,9,'2025-03-14'),(32,333,4,'2025-03-13'),(33,60,14,'2024-10-10'),(34,355,15,'2024-06-11'),(35,429,2,'2024-04-19'),(36,424,5,'2025-03-03'),(37,155,12,'2024-11-22'),(38,328,13,'2025-01-24'),(39,361,7,'2024-06-16'),(40,309,12,'2025-02-17'),(41,53,2,'2025-02-19'),(42,476,15,'2024-05-05'),(43,319,8,'2025-03-24'),(44,424,12,'2024-08-10'),(45,275,12,'2024-10-26'),(46,229,1,'2025-04-05'),(47,295,5,'2024-06-22'),(48,94,11,'2024-05-09'),(49,28,8,'2024-06-04'),(50,471,12,'2025-02-18'),(51,302,2,'2024-10-29'),(52,443,15,'2024-09-29'),(53,211,10,'2024-11-08'),(54,133,2,'2024-05-31'),(55,412,1,'2024-05-15'),(56,245,5,'2024-04-19'),(57,203,4,'2024-05-13'),(58,309,12,'2025-01-16'),(59,71,12,'2024-12-07'),(60,105,8,'2025-01-07'),(61,108,1,'2025-01-03'),(62,98,5,'2025-02-23'),(63,418,8,'2025-01-07'),(64,114,6,'2025-04-05'),(65,30,11,'2024-09-13'),(66,340,4,'2024-11-07'),(67,357,3,'2024-09-23'),(68,477,4,'2024-08-27'),(69,134,3,'2025-03-09'),(70,340,15,'2024-05-07'),(71,120,2,'2024-06-24'),(72,383,7,'2024-12-24'),(73,468,7,'2024-10-19'),(74,52,12,'2024-09-19'),(75,302,14,'2024-12-08'),(76,148,12,'2024-09-13'),(77,121,15,'2024-10-04'),(78,57,1,'2024-11-26'),(79,470,4,'2024-05-26'),(80,425,12,'2024-06-07'),(81,272,5,'2024-07-19'),(82,241,6,'2024-08-25'),(83,385,11,'2024-04-24'),(84,310,3,'2024-12-05'),(85,34,7,'2025-03-19'),(86,248,10,'2025-03-04'),(87,239,13,'2024-08-29'),(88,98,7,'2025-04-04'),(89,374,5,'2024-08-25'),(90,250,1,'2024-09-25'),(91,480,8,'2024-11-30'),(92,48,2,'2024-09-05'),(93,131,5,'2024-10-09'),(94,102,4,'2024-06-27'),(95,444,7,'2024-05-23'),(96,233,5,'2025-01-07'),(97,267,12,'2025-01-22'),(98,367,7,'2025-01-13'),(99,108,5,'2024-09-19'),(100,3,13,'2024-10-08'),(101,259,6,'2025-02-23'),(102,467,6,'2024-05-25'),(103,36,14,'2024-10-03'),(104,274,9,'2024-05-20'),(105,429,3,'2024-12-20'),(106,172,14,'2025-03-24'),(107,373,13,'2024-05-08'),(108,360,4,'2024-07-09'),(109,311,9,'2024-07-22'),(110,67,1,'2024-04-13'),(111,390,9,'2024-06-06'),(112,123,4,'2025-03-09'),(113,444,12,'2024-10-02'),(114,188,9,'2024-07-22'),(115,310,8,'2025-02-03'),(116,290,8,'2024-11-09'),(117,61,9,'2024-09-30'),(118,284,4,'2024-08-09'),(119,425,5,'2025-02-18'),(120,451,9,'2024-09-18'),(121,13,1,'2025-04-04'),(122,347,11,'2024-08-30'),(123,76,1,'2024-07-21'),(124,194,13,'2024-11-24'),(125,399,5,'2025-01-30'),(126,300,9,'2024-05-04'),(127,370,2,'2024-11-17'),(128,131,1,'2024-08-16'),(129,17,6,'2025-01-24'),(130,10,8,'2024-06-10'),(131,244,13,'2025-01-13'),(132,320,7,'2024-10-05'),(133,278,15,'2024-11-01'),(134,139,4,'2025-02-06'),(135,32,3,'2024-04-25'),(136,64,1,'2024-05-02'),(137,340,3,'2025-01-05'),(138,393,1,'2025-03-04'),(139,459,6,'2024-12-29'),(140,435,15,'2025-01-09'),(141,178,15,'2024-12-21'),(142,79,1,'2025-01-19'),(143,38,6,'2025-01-29'),(144,319,12,'2024-06-21'),(145,271,9,'2024-12-31'),(146,355,15,'2024-07-12'),(147,93,6,'2024-09-05'),(148,64,5,'2024-04-15'),(149,491,13,'2025-03-09'),(150,193,10,'2025-03-25'),(151,131,15,'2024-12-31'),(152,30,11,'2024-04-17'),(153,426,12,'2025-01-13'),(154,368,10,'2024-12-20'),(155,198,14,'2024-12-19'),(156,460,9,'2024-11-06'),(157,133,2,'2024-12-18'),(158,40,9,'2024-11-23'),(159,28,4,'2024-09-03'),(160,202,8,'2024-11-01'),(161,249,10,'2024-07-12'),(162,396,4,'2025-03-28'),(163,410,1,'2025-01-04'),(164,395,7,'2024-12-10'),(165,52,1,'2025-04-01'),(166,381,10,'2024-09-07'),(167,295,4,'2024-06-13'),(168,369,3,'2025-02-25'),(169,80,10,'2024-07-27'),(170,52,14,'2024-07-29'),(171,324,14,'2024-07-21'),(172,226,3,'2024-09-04'),(173,10,5,'2025-04-04'),(174,155,5,'2025-03-17'),(175,101,8,'2024-09-30'),(176,406,6,'2024-05-16'),(177,313,2,'2025-04-02'),(178,170,13,'2024-05-04'),(179,399,2,'2024-08-10'),(180,475,7,'2025-02-21'),(181,55,6,'2024-06-09'),(182,456,1,'2025-02-01'),(183,370,8,'2025-03-29'),(184,289,10,'2024-08-15'),(185,357,6,'2024-08-03'),(186,78,10,'2024-07-29'),(187,8,13,'2024-11-19'),(188,335,10,'2024-07-27'),(189,464,6,'2024-10-07'),(190,221,4,'2024-11-11'),(191,80,13,'2024-04-21'),(192,393,9,'2025-01-28'),(193,184,13,'2025-02-27'),(194,163,5,'2024-09-04'),(195,480,14,'2025-03-30'),(196,495,10,'2024-11-23'),(197,241,4,'2025-04-06'),(198,342,9,'2025-01-06'),(199,145,8,'2024-10-10'),(200,86,3,'2025-02-04'),(201,163,3,'2024-12-02'),(202,77,6,'2025-03-02'),(203,196,3,'2025-04-05'),(204,1,11,'2024-07-15'),(205,482,10,'2025-03-26'),(206,327,4,'2024-10-09'),(207,172,5,'2025-02-22'),(208,394,13,'2024-10-08'),(209,357,15,'2024-09-21'),(210,79,6,'2024-10-30'),(211,298,7,'2024-11-23'),(212,183,2,'2024-09-14'),(213,281,10,'2025-03-19'),(214,72,12,'2025-03-22'),(215,405,4,'2024-07-06'),(216,391,5,'2024-04-10'),(217,341,13,'2024-08-24'),(218,246,1,'2025-02-14'),(219,195,5,'2024-04-20'),(220,292,12,'2024-06-16'),(221,487,13,'2024-09-26'),(222,33,1,'2024-06-07'),(223,210,8,'2024-07-15'),(224,45,14,'2025-03-24'),(225,40,1,'2025-02-21'),(226,306,2,'2024-04-25'),(227,344,9,'2024-06-08'),(228,306,9,'2024-05-05'),(229,325,13,'2025-02-04'),(230,154,3,'2024-08-27'),(231,312,3,'2024-06-21'),(232,292,15,'2024-09-12'),(233,80,10,'2024-10-07'),(234,201,8,'2025-04-02'),(235,255,2,'2024-07-31'),(236,210,13,'2024-09-17'),(237,457,2,'2025-01-28'),(238,337,15,'2024-09-03'),(239,4,2,'2024-11-10'),(240,235,5,'2024-05-23'),(241,315,6,'2024-08-18'),(242,119,11,'2025-01-05'),(243,441,3,'2025-03-11'),(244,409,10,'2025-02-03'),(245,81,2,'2024-10-05'),(246,34,11,'2024-08-31'),(247,425,14,'2024-08-12'),(248,453,8,'2024-11-20'),(249,99,11,'2024-09-04'),(250,121,1,'2025-02-04'),(251,73,5,'2024-05-22'),(252,244,9,'2024-11-05'),(253,346,3,'2024-05-19'),(254,146,15,'2024-05-26'),(255,318,8,'2024-05-05'),(256,362,12,'2024-07-23'),(257,373,7,'2025-01-15'),(258,209,13,'2024-08-01'),(259,88,2,'2024-12-14'),(260,94,7,'2024-05-23'),(261,199,4,'2024-08-31'),(262,43,4,'2024-07-28'),(263,381,9,'2024-08-01'),(264,159,5,'2024-07-01'),(265,181,14,'2024-05-17'),(266,41,11,'2024-05-31'),(267,15,11,'2024-12-10'),(268,144,12,'2024-07-10'),(269,254,13,'2024-09-25'),(270,233,6,'2024-11-24'),(271,469,13,'2025-04-09'),(272,315,11,'2024-06-25'),(273,371,1,'2025-03-06'),(274,24,13,'2025-03-23'),(275,59,8,'2024-07-25'),(276,436,13,'2024-08-03'),(277,169,10,'2024-09-04'),(278,385,9,'2024-10-19'),(279,317,3,'2024-04-23'),(280,128,2,'2024-11-02'),(281,309,11,'2024-07-13'),(282,111,10,'2024-11-28'),(283,274,11,'2024-09-07'),(284,434,15,'2024-12-18'),(285,190,12,'2024-12-10'),(286,167,6,'2024-05-28'),(287,69,3,'2024-11-14'),(288,273,6,'2024-04-28'),(289,271,7,'2025-03-20'),(290,252,1,'2024-11-13'),(291,280,13,'2024-07-18'),(292,167,7,'2024-10-04'),(293,135,11,'2024-05-04'),(294,387,15,'2024-10-11'),(295,353,2,'2024-07-18'),(296,485,13,'2025-03-19'),(297,487,4,'2024-05-19'),(298,394,6,'2025-01-03'),(299,107,5,'2024-07-07'),(300,93,2,'2024-05-25'),(301,377,3,'2025-01-12'),(302,39,8,'2024-05-03'),(303,385,11,'2024-11-11'),(304,462,3,'2025-01-11'),(305,15,14,'2025-01-22'),(306,389,2,'2024-05-08'),(307,10,1,'2024-11-19'),(308,161,3,'2024-04-30'),(309,138,6,'2024-12-18'),(310,430,6,'2024-10-07'),(311,343,15,'2024-09-26'),(312,303,5,'2024-10-07'),(313,245,4,'2025-03-29'),(314,272,10,'2024-12-17'),(315,464,7,'2025-02-08'),(316,462,1,'2025-02-03'),(317,279,9,'2024-10-30'),(318,348,15,'2025-01-25'),(319,376,7,'2024-05-15'),(320,494,7,'2024-11-23'),(321,33,13,'2024-10-08'),(322,29,13,'2024-11-21'),(323,268,10,'2024-11-12'),(324,7,13,'2024-12-02'),(325,174,11,'2024-06-08'),(326,24,14,'2025-03-25'),(327,473,5,'2024-05-17'),(328,313,2,'2025-04-05'),(329,129,11,'2024-06-16'),(330,360,6,'2025-02-11'),(331,335,8,'2024-08-30'),(332,26,2,'2024-08-01'),(333,388,4,'2025-03-08'),(334,100,8,'2024-07-06'),(335,481,13,'2024-05-12'),(336,350,13,'2024-12-04'),(337,314,5,'2024-11-14'),(338,167,10,'2025-03-04'),(339,208,12,'2024-07-18'),(340,47,15,'2024-05-29'),(341,254,6,'2025-03-01'),(342,485,7,'2024-04-12'),(343,198,7,'2025-02-24'),(344,158,11,'2024-07-08'),(345,173,10,'2024-08-18'),(346,323,13,'2024-12-12'),(347,20,3,'2025-04-10'),(348,403,7,'2024-12-31'),(349,196,15,'2025-03-11'),(350,253,12,'2024-09-08'),(351,404,11,'2025-02-09'),(352,11,2,'2024-06-01'),(353,249,8,'2025-02-13'),(354,495,4,'2024-06-04'),(355,115,8,'2024-05-25'),(356,343,7,'2024-10-14'),(357,300,1,'2025-01-22'),(358,122,13,'2024-12-28'),(359,484,13,'2024-11-04'),(360,407,8,'2024-06-25'),(361,77,15,'2024-08-08'),(362,114,15,'2025-01-18'),(363,259,14,'2025-04-02'),(364,7,11,'2024-08-03'),(365,253,10,'2024-05-28'),(366,366,3,'2024-07-18'),(367,375,2,'2025-01-19'),(368,83,15,'2024-05-16'),(369,214,8,'2024-07-21'),(370,445,2,'2024-12-21'),(371,46,4,'2025-02-01'),(372,57,8,'2025-02-15'),(373,153,1,'2025-01-23'),(374,122,1,'2024-05-09'),(375,104,8,'2024-06-03'),(376,131,10,'2024-08-14'),(377,102,8,'2024-05-02'),(378,239,12,'2024-12-08'),(379,175,2,'2024-05-08'),(380,1,9,'2025-02-09'),(381,51,6,'2024-05-08'),(382,200,6,'2024-07-30'),(383,286,6,'2024-11-03'),(384,233,3,'2024-05-26'),(385,179,7,'2025-02-18'),(386,300,9,'2024-11-05'),(387,116,2,'2024-10-15'),(388,421,11,'2025-02-05'),(389,265,6,'2025-04-10'),(390,72,4,'2024-06-18'),(391,498,13,'2024-07-31'),(392,33,9,'2025-02-28'),(393,17,10,'2025-02-16'),(394,210,14,'2025-03-25'),(395,64,10,'2025-01-05'),(396,99,3,'2024-07-30'),(397,24,10,'2025-03-30'),(398,306,9,'2025-01-30'),(399,451,15,'2025-01-23'),(400,252,10,'2024-07-13'),(401,75,13,'2024-07-30'),(402,270,15,'2025-01-23'),(403,219,2,'2024-10-20'),(404,480,5,'2024-07-31'),(405,173,11,'2024-04-30'),(406,364,3,'2025-01-18'),(407,380,10,'2024-08-22'),(408,473,11,'2025-01-02'),(409,482,5,'2024-06-21'),(410,348,7,'2024-04-13'),(411,146,15,'2024-05-11'),(412,28,12,'2024-11-12'),(413,299,5,'2024-07-04'),(414,411,12,'2024-12-04'),(415,233,14,'2024-08-25'),(416,284,10,'2024-09-14'),(417,418,3,'2024-08-04'),(418,255,7,'2024-12-10'),(419,93,15,'2025-03-14'),(420,186,5,'2024-06-19'),(421,409,10,'2025-02-09'),(422,60,7,'2024-12-02'),(423,103,15,'2025-03-28'),(424,397,4,'2024-11-28'),(425,344,13,'2024-04-17'),(426,255,3,'2024-04-17'),(427,467,5,'2024-06-21'),(428,153,14,'2024-08-10'),(429,281,2,'2025-01-23'),(430,259,11,'2025-03-14'),(431,277,7,'2024-06-10'),(432,8,8,'2024-07-24'),(433,193,13,'2024-10-07'),(434,334,8,'2024-04-11'),(435,458,11,'2025-03-09'),(436,60,13,'2024-05-01'),(437,14,12,'2024-08-11'),(438,451,15,'2024-06-06'),(439,88,4,'2025-01-12'),(440,421,6,'2024-12-19'),(441,431,13,'2025-03-13'),(442,123,13,'2025-03-19'),(443,121,1,'2024-11-22'),(444,446,2,'2024-08-28'),(445,127,13,'2024-09-11'),(446,323,10,'2025-04-06'),(447,137,4,'2025-01-02'),(448,317,15,'2024-04-20'),(449,381,8,'2025-01-13'),(450,95,13,'2024-07-29'),(451,97,5,'2025-01-20'),(452,168,10,'2025-01-08'),(453,383,13,'2024-07-22'),(454,453,8,'2024-12-26'),(455,217,13,'2025-01-07'),(456,353,10,'2024-10-16'),(457,209,3,'2025-01-26'),(458,50,4,'2024-07-06'),(459,429,4,'2024-07-15'),(460,9,15,'2024-12-16'),(461,276,10,'2025-01-31'),(462,476,4,'2025-03-17'),(463,331,4,'2024-06-27'),(464,191,6,'2024-08-11'),(465,338,5,'2024-08-07'),(466,380,2,'2024-11-01'),(467,396,1,'2024-09-09'),(468,303,5,'2024-08-12'),(469,315,7,'2024-10-01'),(470,302,10,'2025-02-14'),(471,33,7,'2025-01-17'),(472,279,1,'2024-07-25'),(473,81,7,'2024-07-01'),(474,385,10,'2024-11-18'),(475,83,4,'2024-10-29'),(476,241,6,'2025-02-02'),(477,6,6,'2024-05-31'),(478,427,5,'2024-06-10'),(479,24,4,'2024-12-02'),(480,13,6,'2024-05-29'),(481,88,4,'2024-12-27'),(482,437,13,'2024-04-24'),(483,122,12,'2025-02-02'),(484,192,9,'2025-02-16'),(485,470,8,'2025-03-31'),(486,134,4,'2025-03-25'),(487,494,2,'2024-08-10'),(488,1,10,'2024-12-16'),(489,110,14,'2024-06-05'),(490,400,3,'2024-10-09'),(491,395,6,'2024-08-12'),(492,148,10,'2024-05-26'),(493,147,13,'2024-12-01'),(494,371,5,'2024-11-09'),(495,162,6,'2025-02-05'),(496,445,6,'2025-01-03'),(497,163,5,'2025-02-20'),(498,271,7,'2024-12-04'),(499,188,12,'2024-07-10'),(500,156,7,'2024-11-04');
/*!40000 ALTER TABLE `medicalrecords` ENABLE KEYS */;
UNLOCK TABLES;

--
-- Table structure for table `medicines`
--

DROP TABLE IF EXISTS `medicines`;
/*!40101 SET @saved_cs_client     = @@character_set_client */;
/*!50503 SET character_set_client = utf8mb4 */;
CREATE TABLE `medicines` (
  `MedicineID` int(11) NOT NULL AUTO_INCREMENT,
  `Name` varchar(100) NOT NULL,
  `Stock` int(10) unsigned NOT NULL CHECK (`Stock` >= 0),
  PRIMARY KEY (`MedicineID`)
) ENGINE=InnoDB AUTO_INCREMENT=31 DEFAULT CHARSET=utf8mb4 COLLATE=utf8mb4_general_ci;
/*!40101 SET character_set_client = @saved_cs_client */;

--
-- Dumping data for table `medicines`
--

LOCK TABLES `medicines` WRITE;
/*!40000 ALTER TABLE `medicines` DISABLE KEYS */;
INSERT INTO `medicines` VALUES (1,'Paracetamol',96),(2,'Ibuprofen',83),(3,'Amoxicillin',33),(4,'Cetirizine',47),(5,'Omeprazole',181),(6,'Metformin',184),(7,'Losartan',191),(8,'Simvastatin',31),(9,'Azithromycin',155),(10,'Salbutamol',47),(11,'Loperamide',163),(12,'Hydrochlorothiazide',145),(13,'Diclofenac',69),(14,'Ranitidine',89),(15,'Ciprofloxacin',77),(16,'Clopidogrel',104),(17,'Amlodipine',107),(18,'Diphenhydramine',83),(19,'Prednisone',86),(20,'Dextromethorphan',36),(21,'Cotrimoxazole',42),(22,'Naproxen',73),(23,'Mefenamic Acid',103),(24,'Carbocisteine',41),(25,'Loratadine',57),(26,'Ascorbic Acid',154),(27,'Domperidone',75),(28,'Levothyroxine',20),(29,'Cetirizine Hydrochloride',175),(30,'Montelukast',94);
/*!40000 ALTER TABLE `medicines` ENABLE KEYS */;
UNLOCK TABLES;

--
-- Table structure for table `patients`
--

DROP TABLE IF EXISTS `patients`;
/*!40101 SET @saved_cs_client     = @@character_set_client */;
/*!50503 SET character_set_client = utf8mb4 */;
CREATE TABLE `patients` (
  `PatientID` int(11) NOT NULL AUTO_INCREMENT,
  `Name` varchar(100) NOT NULL,
  `Number` varchar(40) NOT NULL,
  `Birthdate` date NOT NULL,
  PRIMARY KEY (`PatientID`),
  UNIQUE KEY `Number` (`Number`)
) ENGINE=InnoDB AUTO_INCREMENT=501 DEFAULT CHARSET=utf8mb4 COLLATE=utf8mb4_general_ci;
/*!40101 SET character_set_client = @saved_cs_client */;

--
-- Dumping data for table `patients`
--

LOCK TABLES `patients` WRITE;
/*!40000 ALTER TABLE `patients` DISABLE KEYS */;
INSERT INTO `patients` VALUES (1,'Heather Irwin','914-695-9172x814','1984-05-11'),(2,'Justin Burke','(535)283-0608x91591','2021-08-21'),(3,'Kyle Harris','001-414-277-0344','2001-06-20'),(4,'Lisa Johnson','0430490604','1992-01-27'),(5,'Jordan Silva','679-301-0561x19272','1942-03-27'),(6,'Walter Hill','188.089.3623x887','1969-07-06'),(7,'Julie Anderson','698.345.9413','1955-04-28'),(8,'Erik Jackson','+1-233-951-6793x252','2020-12-17'),(9,'Julie Kennedy','937-398-7439x6466','2001-05-11'),(10,'Nicole Porter','+1-308-122-9336','1962-08-08'),(11,'Nicole Walker','+1-936-692-0080x25166','1938-01-15'),(12,'Christina Rodgers','5577923173','1925-12-31'),(13,'Allen Gray','139.669.2228','1929-03-06'),(14,'Andrew Smith','(268)191-1911x92835','1978-02-07'),(15,'Catherine Tucker','(220)884-9457x0172','1970-04-22'),(16,'Kathryn Lopez','+1-208-970-9083x679','1934-08-20'),(17,'John Holland','+1-184-674-1100','1969-03-18'),(18,'Mr. Nicholas Little','883-933-4277x617','1985-04-17'),(19,'Anthony Lloyd','001-501-027-4561x43834','1945-07-18'),(20,'Kevin Holloway','409.237.1798x9489','1996-09-26'),(21,'Molly Allen','(887)462-8096x814','1931-12-04'),(22,'Preston Ramirez','365-901-5653x18894','1968-08-12'),(23,'Richard Weeks','409-986-4367x778','1950-04-17'),(24,'Jill Harrison','(947)670-7609x1976','1938-12-15'),(25,'Jasmine Wise','+1-599-328-5252','2004-10-16'),(26,'Susan Powell','+1-972-996-4371','1947-09-13'),(27,'Louis Brown','945.872.7397','1938-07-15'),(28,'Mercedes Lewis','(194)608-5367','1997-12-31'),(29,'Marvin Thomas','(286)638-4201x8735','1985-04-16'),(30,'Angela Smith','(387)366-3849','1925-02-14'),(31,'Ryan Arnold','+1-099-824-4049x9579','1975-05-07'),(32,'Lauren Anderson','791.486.0846','1986-05-09'),(33,'Michael Olson','(392)388-5737x7256','1932-01-18'),(34,'Brian Hudson','001-855-034-6353x28083','1934-12-18'),(35,'Michelle Miller','630-127-3396','1958-07-09'),(36,'Diana Stafford','001-809-105-4255x110','1934-09-22'),(37,'Lindsey Taylor','924-967-1322x910','2016-04-12'),(38,'Kara Hall','919.478.1185x310','2022-06-27'),(39,'Selena Powell','(900)689-9536x1438','1982-06-18'),(40,'Melinda King','950-973-2897','1997-02-06'),(41,'Brittany Mayer','+1-292-473-3511x0018','1991-09-19'),(42,'Dr. Stephanie Murphy','+1-559-343-4107x07490','2012-08-04'),(43,'Sherri Collins','001-739-476-3561x16906','2005-09-23'),(44,'Joe Johnson','(809)531-7796x322','1933-09-15'),(45,'Randy Miller','650-788-5262x159','1996-09-17'),(46,'Christine Green','(229)927-1104x9467','1977-12-08'),(47,'Mikayla White','(269)080-2171x2031','1977-10-18'),(48,'Austin Powell','(982)077-6647x39588','1944-12-21'),(49,'Melissa Luna','442.002.4888x47198','1925-03-06'),(50,'Priscilla Thomas','485.234.1909x078','1968-11-09'),(51,'Dr. David Jensen','974.567.8311x953','1952-10-10'),(52,'Mark Green','565.410.7328x83986','1953-01-02'),(53,'Robert Schwartz','471-825-1305x5964','1927-03-19'),(54,'Alexis Miles','001-719-663-4108x5769','1933-08-21'),(55,'William Garcia','+1-815-195-4427x9007','1988-04-30'),(56,'Shane Smith','118-922-1300','1989-02-17'),(57,'Jaime Chandler DDS','001-217-046-6436','1984-11-20'),(58,'Catherine Garcia','752.378.1409x54141','1942-06-10'),(59,'James Smith','576.586.3558x469','2004-02-19'),(60,'Angela Dominguez','3814325526','1980-04-10'),(61,'David Rodriguez','664.100.4656x34481','2017-05-13'),(62,'Jeffrey Rogers','001-992-215-2937x027','1948-11-05'),(63,'Kenneth Larsen','(036)130-9844x5297','1963-10-22'),(64,'Tyler Carter','232-905-8121x1114','1955-07-12'),(65,'Jeffrey Pacheco','001-954-681-0778x842','1969-10-25'),(66,'Thomas Richardson','(814)721-0704','1941-08-30'),(67,'Christopher Hartman','(973)285-0473','1965-09-17'),(68,'Tom Johnson','(380)712-0667x899','2022-02-11'),(69,'Justin West','(532)338-3957','1957-04-01'),(70,'Melissa Williams','330-575-1500','1957-10-01'),(71,'Sandra Leblanc','+1-231-649-0185','2020-07-20'),(72,'Theresa Hayes','218-022-9999x371','1942-03-29'),(73,'Greg Giles','116-213-8867','1947-07-05'),(74,'William Russell','(542)029-6873x7066','1935-01-30'),(75,'George Lewis','664-551-7028x78193','1931-05-05'),(76,'Robert Miller','+1-423-910-9833x64315','1924-05-26'),(77,'Jessica Curtis','(886)783-1129x6318','1970-09-29'),(78,'Matthew Arnold','(623)286-1174x40772','1997-09-07'),(79,'Gregory Reeves','121.270.2554x898','1971-12-11'),(80,'Nathaniel Moore','(227)919-5321x762','2006-11-30'),(81,'Mitchell Murphy','0553799202','1965-12-23'),(82,'Juan Morgan','(049)105-9481x9146','1962-08-07'),(83,'Alicia Boone DVM','7674192986','1963-08-13'),(84,'Jordan Holland','9218458188','2018-07-11'),(85,'Russell Brown','040-038-9643x706','1949-07-06'),(86,'Adam Conner','951-387-2764','1979-01-09'),(87,'Mary Phillips','+1-491-484-1902','1966-09-05'),(88,'Mitchell Scott','001-507-489-3486x064','2011-01-07'),(89,'Jermaine Fitzpatrick','529.664.2778','2013-08-18'),(90,'Amy Long','(227)315-1969x81673','1937-08-05'),(91,'Vickie Santos','644.277.0636','2002-10-27'),(92,'Alexis Castro','349-029-8290','2016-12-11'),(93,'William Fox','623.921.0613','1969-08-23'),(94,'Ian Hall','001-821-904-0797x730','1997-09-05'),(95,'Robert Long','(461)513-6041x777','1933-07-10'),(96,'Gabriella Owens','+1-125-787-0215x569','1967-08-27'),(97,'Patrick Cooper','001-702-184-6526x46436','1964-05-01'),(98,'Jerry Cooper','+1-212-344-5485x694','2003-05-30'),(99,'Michael Davis','001-886-121-6378x58605','1971-07-16'),(100,'Candice Anderson','+1-245-589-3071x29983','1998-10-16'),(101,'Carlos Beard','456.999.2944','1939-03-02'),(102,'Miss Katrina Herrera','640-362-1826','2011-07-01'),(103,'Robert Richards','486.391.2456x97707','1986-01-03'),(104,'Kayla Roman','+1-614-980-6813','2005-07-19'),(105,'Kathleen Johnson','106-387-1594','1972-11-14'),(106,'Angel Diaz','971.070.8629x4947','2003-03-04'),(107,'Diana Medina','039-128-5484x114','1963-06-20'),(108,'Aaron Cole','129.335.9152x91172','1989-05-24'),(109,'Amy White','5911031159','2017-04-06'),(110,'Kristi Roberts','857-674-0009x34310','1947-10-28'),(111,'Carl Watson','(087)302-2644','1989-09-20'),(112,'Marcus Leon','338-356-4260','1933-04-18'),(113,'Lisa Small','751-788-2499x328','2000-03-07'),(114,'Lisa Mcconnell','+1-533-237-8600','2001-05-16'),(115,'Roger Davis','001-697-000-9811','1943-01-01'),(116,'John Alvarado','(510)959-4109x22358','1968-11-17'),(117,'Erika Fowler','502.708.7425x7345','1953-11-03'),(118,'Cassandra Perez','494.180.0225x4427','1978-02-07'),(119,'Jimmy Benton','001-670-009-4819x76183','1964-10-18'),(120,'Michael Evans','+1-594-780-5033x515','1948-10-06'),(121,'Sara Pierce','(660)078-3293','1974-09-09'),(122,'April Leblanc','+1-928-189-0500x3315','1994-05-09'),(123,'Debra Martinez','3075803731','1976-10-23'),(124,'Gerald Stout','(536)947-2117x749','1996-02-17'),(125,'Sally Martin','175-450-7332x8270','1936-09-15'),(126,'Anthony Bates','001-096-272-5376x53472','2021-04-18'),(127,'Jennifer Barrett','001-177-974-3669x9686','1926-11-01'),(128,'Robert Pittman','001-730-297-7000x35488','1937-04-02'),(129,'Mary Clark','001-148-874-5728x48954','1949-01-07'),(130,'Kenneth Hill','4818688828','2020-08-20'),(131,'Nicholas Campos','8298965242','1928-11-04'),(132,'Robert Lewis','+1-370-063-9289x6253','1988-06-07'),(133,'Sheila Hancock','026-123-4198x38374','1946-03-13'),(134,'Frank Bowers','001-743-453-1608x42329','1971-10-10'),(135,'Diane Paul','219.988.8681x1545','1925-02-10'),(136,'Dennis Pierce','863.466.8733x213','1989-09-14'),(137,'Nancy Garcia','470-467-5924','1973-06-06'),(138,'Christian Perez','(368)759-9143x7988','1973-08-14'),(139,'Jaclyn Sosa','(750)340-0215','1959-03-05'),(140,'Mary Jones','001-990-681-8702x088','1927-12-20'),(141,'Paul Bailey','830.478.7561','1965-08-13'),(142,'Manuel Aguilar','001-716-088-8931x4650','1956-08-05'),(143,'Claudia Reid','+1-303-062-9392x59359','1932-04-03'),(144,'Clarence Flores','(195)729-7816','1973-07-05'),(145,'Susan Byrd','560-873-9519','1974-07-05'),(146,'Jessica Watkins','(226)664-1860x9998','2009-05-31'),(147,'Amanda Anderson DDS','933.846.8109','1929-12-10'),(148,'Seth Hopkins','001-018-793-7169','1931-05-03'),(149,'Suzanne James','343-695-4106x056','1983-07-31'),(150,'Jason Ramsey','+1-600-067-1962x85528','1988-06-07'),(151,'Erin Herring','(306)059-2232x515','2005-09-24'),(152,'Christine Nash','+1-910-187-0321x5174','1936-11-22'),(153,'Michele Mason','999-825-7660','1939-01-08'),(154,'Jessica Graham','565.486.3309x6198','1964-05-16'),(155,'Misty Williams','001-520-678-9684','1946-09-15'),(156,'Richard Roberts','154.464.7974','1959-10-16'),(157,'Jason Hudson','282-002-2219','1982-06-08'),(158,'Yvonne Gould','572-618-7374','2007-07-04'),(159,'Ryan Foley','890.512.3843','1985-02-13'),(160,'Mathew Alvarado','001-741-298-8918x79900','2001-11-20'),(161,'Michelle Rogers DVM','+1-281-660-5480','1973-10-09'),(162,'Beth Young','+1-464-912-9950','2017-12-26'),(163,'Steven Cruz','001-989-348-4452x70719','2024-12-05'),(164,'Jeanette Roberts','971.200.8684x737','1937-07-17'),(165,'Jeffrey Giles','2944908140','1991-01-18'),(166,'Katherine Foster','004-018-2836x7485','1940-03-26'),(167,'Amber Alvarez','001-388-387-0116','1927-06-16'),(168,'Craig Sellers','001-395-954-5949','1952-04-06'),(169,'David Morse','(598)327-0436','1964-06-03'),(170,'Jose Sanders','(245)427-9720','1976-07-21'),(171,'Tom Williams','880-336-8762','2009-10-02'),(172,'Angela Soto','226.863.3283x81796','1995-04-09'),(173,'James Vaughan','+1-384-604-7450x6360','1990-08-05'),(174,'Patrick Phillips','685.385.1693x3852','1956-09-02'),(175,'Vanessa Combs','(047)476-4264','1957-11-14'),(176,'Dustin Carroll','302.180.8378','1964-11-26'),(177,'Devin Wright','(283)913-4504','2006-09-11'),(178,'Lori Thompson','239-451-5641','1955-06-19'),(179,'Katrina Malone','+1-864-993-7783x478','1941-04-10'),(180,'Michael Williams','001-370-744-3683','1928-08-01'),(181,'Donald Hutchinson','(316)245-6233x16563','1965-07-26'),(182,'Joshua Hawkins','+1-946-301-5995x026','2003-06-11'),(183,'Jonathan Jackson','272-671-2966x544','1994-08-13'),(184,'Mr. Tanner Kennedy MD','+1-604-150-0555x7969','1947-08-08'),(185,'Angela Campbell','(596)766-9383x9807','1955-12-21'),(186,'Zachary Sanders','+1-693-217-0291x10184','1942-01-19'),(187,'Leah Wilkinson','403.553.7173x46436','1952-10-13'),(188,'Edward Johnson','190.918.8677','1971-09-07'),(189,'Anthony Frazier','025.619.1758x511','2012-08-16'),(190,'Stacey Day','700.656.3979x39808','2004-03-23'),(191,'Peter Oliver','736-504-8698','1981-10-11'),(192,'Amy Nolan','899.711.3916x218','1946-03-16'),(193,'Nicholas Hopkins','3411948701','1996-06-26'),(194,'Nicole Rogers','828-521-5065x5399','1994-09-08'),(195,'Aaron Wong','+1-571-588-4481','1999-04-18'),(196,'Carrie Juarez','+1-683-361-8806x43394','1976-07-19'),(197,'Manuel Jones','386.934.5951x41327','2016-01-01'),(198,'John Riggs Jr.','+1-371-768-7167x98295','1940-08-04'),(199,'Belinda Ellis','655-357-3971','1950-08-31'),(200,'Christina Berg','(398)497-0947x34046','1972-11-29'),(201,'Kristin Lee','520-896-1509','1956-04-06'),(202,'Joseph Robertson','(156)879-4297x44782','1953-11-17'),(203,'William Wolfe','+1-006-889-9185','2010-10-06'),(204,'Shelby Richardson','+1-826-590-1237','1931-06-19'),(205,'Jonathan Hall','035.375.2835','1994-06-08'),(206,'Robert Gutierrez','001-415-067-9826x424','2013-02-22'),(207,'Steven Riggs','052.513.9316x4436','1960-05-14'),(208,'Monica Wilkins','074-879-8624x694','1994-09-02'),(209,'Mark Allen','(306)122-7334x835','1990-09-16'),(210,'Paul Schultz','1036121096','1965-04-30'),(211,'Eric Morris','467.449.0432','1953-04-24'),(212,'Melissa Wang','+1-812-685-0067x4030','1952-11-19'),(213,'Brittany Turner','0753271784','1994-08-06'),(214,'Elijah Peters','650-049-6306x1906','2019-05-25'),(215,'Thomas Hall','(724)384-1913x02239','1992-06-06'),(216,'Christine Banks','002.504.9568x56639','1974-01-05'),(217,'Michael Grant','001-185-672-6276','1939-10-21'),(218,'Oscar Calderon','424-839-2140','1979-04-04'),(219,'Daniel Kelley','535.086.3455','2011-08-19'),(220,'Eric Williams','216.211.4902x4396','2021-03-17'),(221,'Michael Peterson','492.030.0269','2009-02-12'),(222,'Joanne Ponce','517.576.3091x632','2000-11-06'),(223,'Ryan Petty','754.723.8643x87222','1963-02-21'),(224,'Lindsay Nelson','023.075.0421x336','1931-08-05'),(225,'Emily Meyer','(586)305-0035x55299','1951-09-30'),(226,'Raymond Gomez','173-751-4516x378','1941-01-27'),(227,'Jennifer Jones','+1-085-578-2458','1965-04-26'),(228,'Hannah Strickland','(738)170-2538','1965-05-31'),(229,'Michael Robertson','040.364.3226x621','1928-02-03'),(230,'Cindy Alvarez','951.403.7186x74252','1996-08-08'),(231,'Michelle Long','515-588-8405','1947-05-13'),(232,'Vickie Bell','(380)028-2491x780','1966-02-26'),(233,'Alexander Fisher','(347)153-7709','1983-12-31'),(234,'Brian Shepard','(634)873-2283x6508','2009-08-16'),(235,'Thomas Walton','6608778716','1948-02-24'),(236,'Jeffrey Middleton','9576829495','1985-09-13'),(237,'Christopher Bolton','528-150-5119x976','1953-09-23'),(238,'Tina Hines','942-691-4331','1951-05-10'),(239,'Catherine Arias','001-728-111-6458x22489','1924-08-06'),(240,'Jason Davis','(646)281-6238','1966-12-04'),(241,'Ryan Ruiz','(160)696-5297','1987-10-02'),(242,'Mrs. Amber Wagner','(565)165-8895x1796','1948-06-12'),(243,'Anthony Day','+1-143-764-0415x79102','1940-08-15'),(244,'Martin Perez','405.855.4454','1936-01-28'),(245,'Carla Hicks','3560493082','1935-07-14'),(246,'Holly Robinson','+1-531-317-6524x05864','2002-04-09'),(247,'Sandra Whitney','+1-463-623-2984','1962-07-23'),(248,'Janice Kelly','9743245795','1926-01-18'),(249,'Wayne Moore','389-729-5069x98723','2007-04-04'),(250,'John Nicholson','720-203-1478x4825','1996-05-09'),(251,'Donald Thompson','(598)546-4058x05545','1990-10-13'),(252,'Allison Pierce','001-489-220-7193x305','1972-04-23'),(253,'Ashley Bryant','001-996-129-2266x478','2002-12-05'),(254,'Patricia Campbell','397.987.9812x615','1977-11-12'),(255,'Christopher Quinn','(411)277-5551','1945-11-26'),(256,'Jason Mercado','+1-450-758-2948x3900','1998-06-02'),(257,'Joan Simmons','+1-585-179-3968x42456','1995-01-03'),(258,'Mark Johnson','+1-540-606-9963x111','2001-09-25'),(259,'Michael Villarreal','001-029-152-6967','1994-07-06'),(260,'Michelle Swanson','295.192.2762','1950-07-29'),(261,'Robert Vasquez','001-365-744-1290x245','1989-05-08'),(262,'Joseph Mcfarland','272-444-8405x395','1996-07-04'),(263,'Jamie Hall','071.303.9914x33620','1944-12-16'),(264,'Phyllis Kemp','(310)703-1521x01894','2003-02-17'),(265,'Gerald Morris','960.676.2166','1982-09-01'),(266,'Nancy Herring','+1-826-051-7168x558','2012-06-22'),(267,'George Mosley','001-021-130-8447','2002-12-07'),(268,'Jennifer Hicks','915.761.0720x2546','1937-04-04'),(269,'Jeffrey Mitchell','(646)251-5383x8079','1938-08-01'),(270,'Erin Spencer','(330)234-5964x6614','2000-11-01'),(271,'Shawn Johnson','342.862.7579x17723','1928-12-05'),(272,'Kristin Torres','+1-693-031-5994','1978-01-26'),(273,'Heather Alvarez','(405)337-1238x0208','1993-03-02'),(274,'Marc Wilkerson','477.963.0828x416','1999-07-14'),(275,'Paul Roberts','743.858.5109x90220','2002-06-17'),(276,'Mary Lopez','7473541980','1965-08-14'),(277,'Steven Bailey','001-363-064-9040x589','1961-02-15'),(278,'Brandon Wright','+1-250-996-7872x378','1946-01-22'),(279,'Connor Bautista','1378015014','1960-09-28'),(280,'Wayne Owens','+1-304-185-4268','1951-03-30'),(281,'Nicholas Jones','(464)643-0910x6964','1938-07-19'),(282,'Shannon Gordon','612-314-3004x50774','2017-10-26'),(283,'David Jones','(121)988-7569x908','1952-08-26'),(284,'Adam Harris','279.835.8991','1952-04-14'),(285,'John Soto','(851)013-9533','1944-06-24'),(286,'Holly Kelly','(256)077-7785','1982-01-03'),(287,'Jeremy Henry','001-531-408-0065','1942-11-02'),(288,'Daniel Thompson','(933)083-4809x9503','1944-03-30'),(289,'Joseph Ferguson','040-592-2733x73691','2015-12-12'),(290,'Martin Watson','+1-839-569-1659x60746','1945-12-07'),(291,'Donna Torres','001-373-867-7466x62823','1943-01-13'),(292,'Rachel Raymond','668.262.0332x646','1926-08-20'),(293,'Debra Cox','+1-831-933-6546x744','1993-07-09'),(294,'Anna Riley','147.201.1717x94450','1965-12-19'),(295,'Sierra Campbell','(092)012-5547x83680','1971-09-04'),(296,'Steven Dougherty','001-586-663-7991x08760','1946-01-31'),(297,'Nicholas Tran','001-508-873-5051x2622','2012-08-26'),(298,'Justin Sawyer','722.570.8195','1937-10-27'),(299,'Amanda Andrade','(123)290-6232x20668','1994-02-20'),(300,'Brandon Davis','001-880-739-5819','1988-01-27'),(301,'Jeremy Garcia','8527551812','1965-10-02'),(302,'Michele Mahoney','713.311.5472x0912','1994-06-02'),(303,'Raymond Riggs','001-175-661-7396x80325','2024-04-10'),(304,'Melissa Merritt','288.309.6151x5229','2013-09-01'),(305,'Diana Garcia','(544)015-9165','1955-11-21'),(306,'Mitchell Gonzalez','(493)383-2417','2001-03-28'),(307,'Billy Smith','689.635.6976x785','1986-09-06'),(308,'John Ayala','(230)267-5169','2004-06-14'),(309,'Jennifer Burton','703-752-8970x108','2024-04-17'),(310,'Erik Morris','873-437-8399','2005-06-05'),(311,'Mark Perry','321.552.0683x52032','1995-07-28'),(312,'Joseph Lucero','(765)324-6700','1979-03-22'),(313,'Matthew Blankenship','001-769-834-0889x006','1961-11-30'),(314,'Sylvia Lawson','001-802-045-0694x219','1944-11-22'),(315,'Paul Simpson','001-343-575-3147x45785','1970-04-19'),(316,'Eric Harrington','516-059-3921','1963-07-16'),(317,'Eric Henry','001-907-820-0345','1993-03-20'),(318,'Laura Horton','593.909.0847','1986-12-20'),(319,'Lawrence Gonzales','001-255-899-5547x0650','2005-06-20'),(320,'Andrew Turner','238.314.4998','2010-01-02'),(321,'Michael Roth','+1-354-468-2106','1979-09-13'),(322,'Patrick Kaufman','001-229-468-0698x4768','1970-10-21'),(323,'Neil Calhoun','(549)486-7396','1953-03-25'),(324,'Jeanne Higgins','+1-415-102-3420x37308','2005-02-12'),(325,'Mark Watson','699.691.9245','1952-05-28'),(326,'Christopher Chavez','+1-734-572-7180x6791','1996-04-03'),(327,'Marcus Rush','721.358.2942','1997-05-20'),(328,'Patrick Sanders','809.201.4670x5162','1969-05-04'),(329,'Zachary Green','606-381-7820x0853','2014-12-23'),(330,'Jonathan Edwards','001-202-239-7242x71586','1967-06-28'),(331,'Beverly Smith','+1-480-824-8985','1932-02-29'),(332,'Todd Cooper','(234)622-8542x589','1928-09-12'),(333,'Corey Conner','666-079-4780x43700','2012-07-09'),(334,'Patricia Huerta','889.304.3032x0221','1928-09-30'),(335,'Angela Smith','676.369.8814x707','1990-06-06'),(336,'Laura Francis','(949)804-8989x073','2017-10-01'),(337,'Sarah Bates','(354)731-2496x0033','1955-09-07'),(338,'Tony Berger','302.465.3858','1943-03-12'),(339,'Jesse Stokes','226-119-2396x5003','1930-11-15'),(340,'Evelyn Abbott','(620)745-2620x241','1976-01-05'),(341,'Vicki Thomas','+1-463-195-6456','1998-05-16'),(342,'Crystal Frank','116.407.7876x3236','1955-08-28'),(343,'John Davis','001-391-871-6873','2022-12-31'),(344,'Beth Williams','(131)770-8674x145','2011-08-14'),(345,'Meredith Suarez','816-629-1647x878','1953-06-12'),(346,'Ryan Steele','978.485.6218x7630','2006-10-23'),(347,'Alan Dixon','+1-037-019-3151x1513','1926-09-22'),(348,'Tara Chen','+1-904-544-3119x14706','1983-01-25'),(349,'Casey Taylor','+1-981-508-6904x5280','1998-03-13'),(350,'Michelle Davis','844.196.6311x8915','1942-10-24'),(351,'Garrett Fox','001-296-117-1446x08250','2013-10-29'),(352,'Karen Nicholson','(597)780-1723x06145','1928-10-14'),(353,'Jerome Rojas','649.218.3094x92392','1988-05-27'),(354,'Stephanie Reeves','2286904750','2018-06-20'),(355,'Steven Wilson','921-207-2146','1947-05-26'),(356,'Molly Smith','617.338.1754x361','1935-11-16'),(357,'Kelly Wilson','9777606090','2011-05-27'),(358,'Jill Alexander','4743339209','1940-11-23'),(359,'Brittany Khan','+1-798-174-6196x467','1937-03-04'),(360,'Kayla Hoffman','+1-914-628-4937','1941-09-22'),(361,'Amy Reese','(471)069-4333x96628','1951-07-17'),(362,'Richard Solomon','084-286-7439x250','1999-09-24'),(363,'Donna Allen','322-833-2645x15799','1928-12-31'),(364,'Tammy Ryan','537.972.5761','2007-06-13'),(365,'Daniel Morris','369-789-4304','1928-09-12'),(366,'Lori Meyer','980-225-9695x77907','1930-02-12'),(367,'Charles Brown','370-762-0103x21851','1972-01-06'),(368,'William Marsh','(563)945-4777x35328','1975-06-15'),(369,'Kerry Berry','8556234265','1956-05-28'),(370,'Megan Thomas','(723)377-6789x2705','1996-04-15'),(371,'Virginia Randall','001-689-067-9746x9239','1983-12-03'),(372,'Amy Black','001-457-523-9339','1929-10-15'),(373,'Gregory Butler','217-719-8999x118','1926-10-20'),(374,'Alyssa Miles','001-085-634-8442x04489','2023-05-02'),(375,'Denise Wiggins MD','9346257564','1949-01-09'),(376,'Holly Johnson','+1-999-321-5195x3993','1957-08-01'),(377,'Tyler Burton','681.286.3433x8656','1942-04-16'),(378,'Ashley Townsend','001-648-559-9541x3615','1938-05-23'),(379,'William Perry','212-568-7113','1938-07-20'),(380,'Stephen Morris','001-216-702-5689','1956-12-09'),(381,'Tonya Berg','254.081.7572','1938-03-06'),(382,'Jessica Williams','243.054.7102','1957-05-15'),(383,'Anne Nelson','375-658-9282x008','2010-09-18'),(384,'Jill Patterson','+1-310-639-3108x2693','1967-03-31'),(385,'George Green','499-218-9000','1924-09-04'),(386,'Brianna Stark','345-267-3455x285','2012-01-21'),(387,'Laura Greer','023.067.8466x09955','1984-04-30'),(388,'Meghan Huang','866.715.8773','1953-05-17'),(389,'Christine Cook','727-580-2007','1972-06-04'),(390,'Donna Smith','001-086-756-2335x55969','1980-10-11'),(391,'Jill Wise','7222106065','1970-09-10'),(392,'Scott Matthews','829.702.1070x581','1934-08-12'),(393,'Ashley Meyer','(538)138-8977x35053','2004-01-18'),(394,'Sean Pitts','482.827.9838x15091','1924-09-18'),(395,'Kelly Clark','580.015.8021x3046','1966-08-04'),(396,'Peter Park','353-139-2453x59864','1965-11-13'),(397,'Brianna Richardson','+1-119-316-2092','1949-03-15'),(398,'Erin Pineda','(509)712-4892','1929-07-12'),(399,'Brian Ortiz','6519570043','1988-08-19'),(400,'Anne Frye','743-929-3604','1967-01-14'),(401,'Mr. Francisco Carpenter Jr.','286-343-7138','1924-07-08'),(402,'Benjamin Leonard','9155095732','1970-01-01'),(403,'Connie Henry','001-061-995-9909x674','2015-05-01'),(404,'Richard Taylor','(079)263-8536x99507','1977-09-09'),(405,'Megan Jordan','(580)437-6991','1988-09-04'),(406,'Kaitlyn Robinson','+1-322-777-1485x449','1936-03-19'),(407,'Richard Kennedy','(872)969-3887x732','2011-05-31'),(408,'Amber Franklin','+1-320-355-0478x879','2006-07-09'),(409,'Kristine Savage','001-676-220-1160x62258','1937-06-15'),(410,'Katie Estes','238.765.2955x299','2016-11-15'),(411,'Kevin Miller','001-264-113-4896x3755','1986-04-10'),(412,'Jill Harrington','7475699600','1930-02-16'),(413,'David Castro','001-002-523-6938x245','1984-07-06'),(414,'Mrs. Laura Rodriguez','001-433-791-8985','1987-04-15'),(415,'Brittany Sheppard','(876)828-4035x283','1995-05-21'),(416,'Maria Kirk','+1-010-025-5094x7945','1985-04-09'),(417,'Kimberly Shepard','(643)198-1413','2002-02-12'),(418,'Bridget Clark','138.723.0144','1930-06-19'),(419,'Kyle Ayala','(398)244-5460','1971-08-17'),(420,'Jay Murphy','001-793-962-3199x77879','1972-12-19'),(421,'Austin Jimenez','488.814.9671','1926-12-07'),(422,'Laurie Harris','665.360.0018x3931','1942-06-15'),(423,'Victoria Walker','773.069.9319x4635','1983-06-29'),(424,'Diamond Benjamin','064.421.8199','1992-02-15'),(425,'Elijah Peterson','961-217-6816x165','1999-11-24'),(426,'Brian Parsons','(475)302-3097','1948-12-09'),(427,'Matthew Kelley','(566)600-5048','1989-08-28'),(428,'Cristian Berger','001-165-456-7263x920','2008-11-08'),(429,'Dr. David Burns','412.448.1244','1989-01-13'),(430,'Willie Phillips','+1-334-626-4480x4890','1963-01-24'),(431,'Alicia Garcia','(918)399-7759x48506','1928-08-05'),(432,'Michael Contreras','+1-281-123-8647x7425','1969-07-22'),(433,'Calvin Hall','001-978-818-8356','1967-06-08'),(434,'Pamela Boyd','(114)972-1016','2009-06-11'),(435,'Kristen Warren','001-025-721-6073','2011-01-06'),(436,'Gabriel Williams','611-837-8040x136','2009-12-10'),(437,'Kirk Rogers','+1-295-422-4917','1992-07-21'),(438,'Bridget Anderson','(024)834-2341x0480','1958-07-04'),(439,'Lawrence Nielsen','639-713-8566x405','1953-05-16'),(440,'Charles Gibson','001-826-706-8311x945','1939-11-03'),(441,'Nicholas Rodriguez','004.998.5441','2019-03-29'),(442,'Raymond Carey','(264)052-8882x28376','2020-07-10'),(443,'Danielle Moody','(092)124-4000x47177','1960-10-01'),(444,'Allison Hamilton','001-407-438-7725x3447','1984-01-29'),(445,'Colin Wright','238-845-0034x224','1932-05-13'),(446,'Daniel Butler','+1-486-043-0059x698','1977-12-19'),(447,'Bryan Estes','305.475.0739x609','1925-01-31'),(448,'Susan Nelson','946-744-4799x237','1933-03-06'),(449,'Sarah Meyer','+1-866-673-5119x2984','1946-06-23'),(450,'Ashley Hill','390-726-4253x91774','1944-07-22'),(451,'Kirk Cain','602.074.3780x20999','1982-12-29'),(452,'Tammy Roberts','004-099-7585x5148','1929-01-16'),(453,'Richard Arnold','574-828-3777','1965-12-11'),(454,'Kyle Daniels','(650)237-8306','1963-03-25'),(455,'Thomas Allen','520.887.2681','1989-07-16'),(456,'Kari Mitchell','7232025425','1929-12-30'),(457,'Kenneth Hernandez Jr.','883-772-6447x65826','1953-10-29'),(458,'Amy Doyle','310.823.8317x6139','1959-05-31'),(459,'Holly Kent','+1-763-120-9803x27301','1979-12-22'),(460,'Danielle Rodriguez','001-786-205-5051x36658','1952-04-29'),(461,'Kimberly Jones','001-184-828-4314x1112','1930-08-04'),(462,'Rebecca Fernandez','001-469-316-7523x82359','1971-01-25'),(463,'Alexis Hicks','001-734-080-3552x093','1971-09-14'),(464,'Dawn Mendoza','+1-291-648-6125x54735','2003-04-11'),(465,'Robert Thomas','(251)128-6150','1959-03-03'),(466,'Jared Scott','+1-783-985-6144x03713','1940-01-30'),(467,'Carrie Michael','309-678-3815','1983-08-22'),(468,'James Smith','+1-276-586-7771x6847','1972-12-07'),(469,'Susan Perkins','001-748-233-4642x57934','1944-12-08'),(470,'Jeremy Stafford','864.348.4635x5751','2020-01-24'),(471,'Pamela Wallace','001-211-009-6575x705','1975-07-28'),(472,'William Summers','+1-790-398-3409','2004-05-08'),(473,'Edgar Lyons','(592)444-9827','2009-11-27'),(474,'Deborah Ayers','4372053673','1938-09-18'),(475,'Heather Snyder','7111666455','1989-11-06'),(476,'Kelly Butler','939-698-3615','1924-05-12'),(477,'Tara Mcgee','+1-596-683-6549','1925-08-21'),(478,'Christopher Ramirez','449-118-0913x74982','1953-04-22'),(479,'Terri Vazquez','+1-266-561-5950x55162','1980-11-26'),(480,'Mrs. Jill Edwards MD','417-614-6914x40434','1967-06-02'),(481,'Lindsay Oconnell','411-458-7188x9019','1982-08-24'),(482,'Amber Lozano','488-288-4847','1989-09-16'),(483,'Crystal Stanley','862.299.8153','1958-07-23'),(484,'Phyllis Schmitt','488-404-7657x0406','2024-06-07'),(485,'Christopher Lewis','(263)713-5347','1936-03-29'),(486,'Mark Green','906.387.9680x414','1932-01-15'),(487,'Paul King','001-131-548-2876x4702','2002-11-24'),(488,'Bradley Murphy','565.008.1625','2024-06-21'),(489,'Austin Martinez','(528)512-6050x15718','2002-11-03'),(490,'Eric Spencer','001-943-700-2204','2006-01-01'),(491,'David Smith','817-387-6463x8815','1970-01-20'),(492,'Brittany Perez','951.804.3495x71327','1977-09-11'),(493,'Mary Collins','689.543.4203x9211','2001-06-08'),(494,'James Lyons','+1-813-223-8710x74506','1939-03-05'),(495,'Carrie Oconnell','001-894-647-5784x42376','1984-04-21'),(496,'Jeffery Warren','841.617.6652','1968-07-18'),(497,'Darlene Flores','+1-826-263-5511','1951-07-14'),(498,'Kimberly Freeman','001-383-097-6220x092','1985-05-28'),(499,'Angel Bradford','244.037.6627','2009-02-25'),(500,'Madison Kane','+1-593-775-0252x915','2004-10-24');
/*!40000 ALTER TABLE `patients` ENABLE KEYS */;
UNLOCK TABLES;

--
-- Table structure for table `payments`
--

DROP TABLE IF EXISTS `payments`;
/*!40101 SET @saved_cs_client     = @@character_set_client */;
/*!50503 SET character_set_client = utf8mb4 */;
CREATE TABLE `payments` (
  `PaymentID` int(11) NOT NULL AUTO_INCREMENT,
  `AppointmentID` int(11) DEFAULT NULL,
  `Amount` decimal(10,2) NOT NULL CHECK (`Amount` >= 0),
  `PaymentDue` date NOT NULL,
  `Status` enum('Pending','Paid','Overdue') NOT NULL,
  PRIMARY KEY (`PaymentID`),
  KEY `AppointmentID` (`AppointmentID`),
  CONSTRAINT `payments_ibfk_1` FOREIGN KEY (`AppointmentID`) REFERENCES `appointments` (`AppointmentID`) ON DELETE CASCADE
) ENGINE=InnoDB AUTO_INCREMENT=501 DEFAULT CHARSET=utf8mb4 COLLATE=utf8mb4_general_ci;
/*!40101 SET character_set_client = @saved_cs_client */;

--
-- Dumping data for table `payments`
--

LOCK TABLES `payments` WRITE;
/*!40000 ALTER TABLE `payments` DISABLE KEYS */;
INSERT INTO `payments` VALUES (1,1,108.65,'2024-04-20','Pending'),(2,2,211.35,'2024-09-17','Pending'),(3,3,235.01,'2025-01-08','Pending'),(4,4,278.86,'2024-08-15','Paid'),(5,5,105.42,'2025-04-06','Paid'),(6,6,295.62,'2024-11-18','Overdue'),(7,7,285.21,'2024-11-29','Pending'),(8,8,297.39,'2025-02-26','Pending'),(9,9,114.52,'2025-01-25','Overdue'),(10,10,200.19,'2024-04-24','Pending'),(11,11,278.56,'2024-07-28','Paid'),(12,12,66.65,'2024-09-20','Overdue'),(13,13,200.66,'2025-03-04','Overdue'),(14,14,249.23,'2025-03-26','Overdue'),(15,15,284.34,'2024-08-06','Pending'),(16,16,127.56,'2024-04-17','Overdue'),(17,17,143.42,'2024-12-24','Paid'),(18,18,105.44,'2024-08-28','Overdue'),(19,19,142.43,'2024-06-27','Pending'),(20,20,83.05,'2024-09-25','Pending'),(21,21,89.62,'2025-03-03','Overdue'),(22,22,180.75,'2024-07-08','Pending'),(23,23,270.71,'2025-02-01','Pending'),(24,24,127.57,'2025-02-04','Paid'),(25,25,96.70,'2024-09-26','Overdue'),(26,26,200.28,'2024-12-23','Paid'),(27,27,196.50,'2025-02-21','Overdue'),(28,28,278.84,'2025-01-22','Paid'),(29,29,143.06,'2025-02-04','Paid'),(30,30,202.16,'2025-02-04','Overdue'),(31,31,156.75,'2025-03-16','Overdue'),(32,32,75.89,'2025-03-18','Paid'),(33,33,57.01,'2024-10-12','Paid'),(34,34,220.40,'2024-06-13','Paid'),(35,35,214.90,'2024-04-22','Overdue'),(36,36,99.86,'2025-03-11','Overdue'),(37,37,265.25,'2024-11-24','Overdue'),(38,38,281.58,'2025-01-24','Pending'),(39,39,90.09,'2024-06-20','Pending'),(40,40,152.47,'2025-02-27','Overdue'),(41,41,147.26,'2025-02-26','Paid'),(42,42,246.82,'2024-05-07','Overdue'),(43,43,82.96,'2025-03-31','Overdue'),(44,44,149.94,'2024-08-17','Paid'),(45,45,103.89,'2024-10-29','Overdue'),(46,46,223.90,'2025-04-12','Paid'),(47,47,217.66,'2024-06-24','Paid'),(48,48,108.87,'2024-05-18','Overdue'),(49,49,88.26,'2024-06-07','Paid'),(50,50,225.90,'2025-02-22','Pending'),(51,51,258.90,'2024-10-29','Overdue'),(52,52,124.95,'2024-09-30','Overdue'),(53,53,117.82,'2024-11-18','Paid'),(54,54,81.31,'2024-06-03','Overdue'),(55,55,262.59,'2024-05-22','Pending'),(56,56,184.18,'2024-04-20','Overdue'),(57,57,155.46,'2024-05-19','Pending'),(58,58,157.35,'2025-01-20','Paid'),(59,59,96.44,'2024-12-14','Overdue'),(60,60,174.51,'2025-01-11','Paid'),(61,61,115.06,'2025-01-09','Paid'),(62,62,242.34,'2025-03-02','Pending'),(63,63,246.17,'2025-01-12','Overdue'),(64,64,199.32,'2025-04-13','Pending'),(65,65,218.08,'2024-09-18','Paid'),(66,66,141.03,'2024-11-12','Pending'),(67,67,103.93,'2024-09-30','Pending'),(68,68,180.51,'2024-08-27','Pending'),(69,69,56.29,'2025-03-17','Overdue'),(70,70,136.65,'2024-05-07','Pending'),(71,71,74.85,'2024-06-25','Paid'),(72,72,250.10,'2024-12-26','Paid'),(73,73,236.49,'2024-10-21','Paid'),(74,74,241.59,'2024-09-29','Pending'),(75,75,162.87,'2024-12-15','Overdue'),(76,76,204.20,'2024-09-20','Overdue'),(77,77,155.83,'2024-10-08','Overdue'),(78,78,203.24,'2024-11-27','Pending'),(79,79,176.94,'2024-05-29','Overdue'),(80,80,165.39,'2024-06-12','Paid'),(81,81,68.07,'2024-07-27','Overdue'),(82,82,161.92,'2024-08-27','Paid'),(83,83,99.23,'2024-04-29','Paid'),(84,84,223.51,'2024-12-09','Paid'),(85,85,153.82,'2025-03-21','Paid'),(86,86,68.42,'2025-03-08','Overdue'),(87,87,151.39,'2024-09-05','Pending'),(88,88,145.85,'2025-04-08','Paid'),(89,89,281.37,'2024-09-01','Paid'),(90,90,69.86,'2024-09-25','Overdue'),(91,91,140.66,'2024-12-05','Paid'),(92,92,103.86,'2024-09-08','Pending'),(93,93,267.84,'2024-10-11','Pending'),(94,94,163.68,'2024-07-07','Paid'),(95,95,50.71,'2024-05-28','Paid'),(96,96,275.91,'2025-01-12','Overdue'),(97,97,106.90,'2025-01-22','Pending'),(98,98,246.00,'2025-01-23','Overdue'),(99,99,166.41,'2024-09-29','Paid'),(100,100,237.86,'2024-10-14','Pending'),(101,101,84.24,'2025-03-04','Pending'),(102,102,245.21,'2024-05-29','Paid'),(103,103,298.46,'2024-10-10','Paid'),(104,104,85.19,'2024-05-28','Pending'),(105,105,137.67,'2024-12-24','Overdue'),(106,106,190.63,'2025-04-01','Overdue'),(107,107,227.32,'2024-05-18','Pending'),(108,108,162.90,'2024-07-19','Overdue'),(109,109,149.69,'2024-07-28','Paid'),(110,110,270.60,'2024-04-16','Pending'),(111,111,126.20,'2024-06-16','Pending'),(112,112,270.00,'2025-03-13','Pending'),(113,113,268.04,'2024-10-08','Paid'),(114,114,100.13,'2024-07-30','Overdue'),(115,115,87.63,'2025-02-03','Overdue'),(116,116,200.50,'2024-11-09','Pending'),(117,117,187.13,'2024-10-01','Pending'),(118,118,181.63,'2024-08-14','Paid'),(119,119,214.41,'2025-02-19','Overdue'),(120,120,224.57,'2024-09-19','Paid'),(121,121,283.81,'2025-04-06','Pending'),(122,122,210.12,'2024-09-02','Paid'),(123,123,298.77,'2024-07-31','Pending'),(124,124,154.41,'2024-12-01','Overdue'),(125,125,78.51,'2025-02-03','Pending'),(126,126,239.31,'2024-05-13','Overdue'),(127,127,81.20,'2024-11-20','Pending'),(128,128,123.31,'2024-08-22','Pending'),(129,129,61.98,'2025-01-28','Pending'),(130,130,206.92,'2024-06-19','Pending'),(131,131,128.45,'2025-01-15','Paid'),(132,132,165.36,'2024-10-15','Pending'),(133,133,184.26,'2024-11-04','Overdue'),(134,134,127.34,'2025-02-15','Pending'),(135,135,50.06,'2024-05-02','Pending'),(136,136,131.68,'2024-05-08','Paid'),(137,137,100.35,'2025-01-13','Pending'),(138,138,218.43,'2025-03-13','Paid'),(139,139,50.88,'2025-01-08','Paid'),(140,140,289.17,'2025-01-16','Paid'),(141,141,248.23,'2024-12-27','Pending'),(142,142,71.05,'2025-01-22','Pending'),(143,143,186.78,'2025-02-08','Paid'),(144,144,281.19,'2024-06-24','Paid'),(145,145,279.24,'2025-01-04','Pending'),(146,146,90.91,'2024-07-13','Pending'),(147,147,214.77,'2024-09-12','Paid'),(148,148,62.17,'2024-04-20','Pending'),(149,149,139.21,'2025-03-19','Overdue'),(150,150,272.45,'2025-04-02','Overdue'),(151,151,202.54,'2025-01-09','Paid'),(152,152,296.62,'2024-04-25','Paid'),(153,153,122.99,'2025-01-21','Pending'),(154,154,261.01,'2024-12-26','Overdue'),(155,155,126.09,'2024-12-21','Overdue'),(156,156,282.52,'2024-11-14','Paid'),(157,157,269.98,'2024-12-22','Paid'),(158,158,182.56,'2024-11-27','Paid'),(159,159,228.65,'2024-09-10','Paid'),(160,160,154.22,'2024-11-05','Paid'),(161,161,158.76,'2024-07-19','Paid'),(162,162,162.94,'2025-03-28','Overdue'),(163,163,69.88,'2025-01-05','Pending'),(164,164,148.59,'2024-12-14','Paid'),(165,165,99.12,'2025-04-10','Pending'),(166,166,68.25,'2024-09-13','Overdue'),(167,167,195.61,'2024-06-23','Pending'),(168,168,165.00,'2025-03-05','Overdue'),(169,169,233.79,'2024-08-02','Paid'),(170,170,112.84,'2024-07-30','Overdue'),(171,171,205.83,'2024-07-30','Paid'),(172,172,98.39,'2024-09-06','Overdue'),(173,173,115.86,'2025-04-07','Pending'),(174,174,266.27,'2025-03-19','Overdue'),(175,175,211.42,'2024-10-08','Pending'),(176,176,54.46,'2024-05-23','Paid'),(177,177,292.93,'2025-04-10','Overdue'),(178,178,164.78,'2024-05-08','Pending'),(179,179,236.93,'2024-08-15','Paid'),(180,180,101.11,'2025-02-24','Paid'),(181,181,256.37,'2024-06-09','Overdue'),(182,182,112.33,'2025-02-02','Overdue'),(183,183,185.93,'2025-04-08','Paid'),(184,184,268.15,'2024-08-18','Overdue'),(185,185,287.96,'2024-08-10','Pending'),(186,186,281.87,'2024-08-06','Paid'),(187,187,197.61,'2024-11-19','Pending'),(188,188,69.55,'2024-07-29','Paid'),(189,189,166.62,'2024-10-10','Pending'),(190,190,79.38,'2024-11-21','Paid'),(191,191,176.89,'2024-04-27','Overdue'),(192,192,182.31,'2025-02-04','Overdue'),(193,193,239.35,'2025-03-01','Pending'),(194,194,115.58,'2024-09-14','Pending'),(195,195,164.20,'2025-04-06','Overdue'),(196,196,128.72,'2024-11-26','Paid'),(197,197,249.69,'2025-04-07','Paid'),(198,198,51.32,'2025-01-13','Pending'),(199,199,176.54,'2024-10-13','Pending'),(200,200,131.27,'2025-02-08','Pending'),(201,201,141.47,'2024-12-09','Overdue'),(202,202,120.92,'2025-03-04','Paid'),(203,203,92.80,'2025-04-06','Overdue'),(204,204,69.24,'2024-07-20','Pending'),(205,205,163.83,'2025-03-29','Paid'),(206,206,147.78,'2024-10-15','Pending'),(207,207,125.88,'2025-02-24','Pending'),(208,208,79.39,'2024-10-15','Overdue'),(209,209,70.10,'2024-09-25','Paid'),(210,210,281.65,'2024-10-31','Overdue'),(211,211,80.28,'2024-12-02','Pending'),(212,212,283.25,'2024-09-22','Paid'),(213,213,279.57,'2025-03-20','Overdue'),(214,214,93.97,'2025-03-26','Pending'),(215,215,245.70,'2024-07-16','Overdue'),(216,216,290.52,'2024-04-11','Pending'),(217,217,93.92,'2024-08-31','Pending'),(218,218,60.72,'2025-02-19','Overdue'),(219,219,216.05,'2024-04-25','Pending'),(220,220,229.61,'2024-06-24','Pending'),(221,221,269.41,'2024-10-02','Overdue'),(222,222,245.33,'2024-06-16','Pending'),(223,223,217.88,'2024-07-19','Pending'),(224,224,296.65,'2025-03-31','Paid'),(225,225,292.15,'2025-02-28','Paid'),(226,226,203.89,'2024-05-03','Pending'),(227,227,132.55,'2024-06-15','Paid'),(228,228,163.37,'2024-05-08','Pending'),(229,229,170.03,'2025-02-04','Pending'),(230,230,114.45,'2024-08-27','Paid'),(231,231,144.17,'2024-06-26','Overdue'),(232,232,293.61,'2024-09-12','Overdue'),(233,233,74.75,'2024-10-17','Paid'),(234,234,165.92,'2025-04-08','Paid'),(235,235,50.01,'2024-08-02','Pending'),(236,236,261.86,'2024-09-25','Overdue'),(237,237,163.54,'2025-02-04','Pending'),(238,238,159.36,'2024-09-11','Overdue'),(239,239,141.29,'2024-11-11','Overdue'),(240,240,232.96,'2024-05-26','Pending'),(241,241,228.74,'2024-08-22','Pending'),(242,242,257.84,'2025-01-05','Paid'),(243,243,114.13,'2025-03-12','Paid'),(244,244,216.34,'2025-02-05','Overdue'),(245,245,236.18,'2024-10-09','Paid'),(246,246,141.61,'2024-09-09','Pending'),(247,247,264.68,'2024-08-17','Pending'),(248,248,126.47,'2024-11-23','Pending'),(249,249,158.34,'2024-09-14','Pending'),(250,250,271.18,'2025-02-07','Paid'),(251,251,111.74,'2024-05-25','Paid'),(252,252,113.57,'2024-11-09','Paid'),(253,253,117.74,'2024-05-23','Paid'),(254,254,295.14,'2024-05-29','Paid'),(255,255,291.60,'2024-05-14','Overdue'),(256,256,277.11,'2024-07-28','Pending'),(257,257,157.67,'2025-01-15','Pending'),(258,258,89.51,'2024-08-02','Pending'),(259,259,299.23,'2024-12-19','Paid'),(260,260,156.28,'2024-06-02','Pending'),(261,261,159.32,'2024-09-08','Overdue'),(262,262,104.07,'2024-08-06','Overdue'),(263,263,92.30,'2024-08-01','Pending'),(264,264,177.72,'2024-07-04','Paid'),(265,265,175.95,'2024-05-17','Paid'),(266,266,254.66,'2024-06-08','Pending'),(267,267,288.75,'2024-12-19','Pending'),(268,268,225.19,'2024-07-11','Pending'),(269,269,257.49,'2024-09-27','Paid'),(270,270,76.01,'2024-11-25','Overdue'),(271,271,254.37,'2025-04-16','Paid'),(272,272,66.52,'2024-06-28','Overdue'),(273,273,62.43,'2025-03-12','Overdue'),(274,274,71.00,'2025-04-02','Pending'),(275,275,260.13,'2024-07-29','Pending'),(276,276,185.27,'2024-08-11','Overdue'),(277,277,200.89,'2024-09-09','Overdue'),(278,278,239.35,'2024-10-27','Overdue'),(279,279,204.99,'2024-04-27','Pending'),(280,280,165.07,'2024-11-11','Overdue'),(281,281,199.86,'2024-07-15','Paid'),(282,282,282.02,'2024-11-28','Paid'),(283,283,187.78,'2024-09-08','Pending'),(284,284,234.68,'2024-12-24','Paid'),(285,285,116.43,'2024-12-17','Pending'),(286,286,284.64,'2024-06-06','Overdue'),(287,287,79.88,'2024-11-23','Overdue'),(288,288,184.46,'2024-04-30','Overdue'),(289,289,165.72,'2025-03-23','Overdue'),(290,290,240.78,'2024-11-16','Pending'),(291,291,180.58,'2024-07-23','Overdue'),(292,292,78.82,'2024-10-13','Pending'),(293,293,79.10,'2024-05-05','Pending'),(294,294,67.35,'2024-10-13','Pending'),(295,295,206.37,'2024-07-24','Paid'),(296,296,190.42,'2025-03-27','Paid'),(297,297,180.57,'2024-05-26','Paid'),(298,298,162.18,'2025-01-05','Overdue'),(299,299,240.27,'2024-07-12','Pending'),(300,300,286.27,'2024-06-03','Overdue'),(301,301,269.63,'2025-01-15','Paid'),(302,302,117.05,'2024-05-12','Pending'),(303,303,150.57,'2024-11-20','Overdue'),(304,304,285.48,'2025-01-17','Pending'),(305,305,72.62,'2025-01-27','Paid'),(306,306,104.05,'2024-05-18','Pending'),(307,307,109.33,'2024-11-24','Paid'),(308,308,182.90,'2024-05-10','Paid'),(309,309,101.14,'2024-12-21','Paid'),(310,310,282.85,'2024-10-08','Overdue'),(311,311,285.65,'2024-10-02','Paid'),(312,312,298.88,'2024-10-13','Paid'),(313,313,203.27,'2025-04-08','Overdue'),(314,314,244.93,'2024-12-23','Pending'),(315,315,124.41,'2025-02-17','Paid'),(316,316,54.92,'2025-02-04','Paid'),(317,317,95.53,'2024-10-31','Paid'),(318,318,288.99,'2025-02-01','Overdue'),(319,319,190.45,'2024-05-23','Paid'),(320,320,178.59,'2024-11-25','Overdue'),(321,321,209.60,'2024-10-13','Overdue'),(322,322,130.67,'2024-11-21','Paid'),(323,323,197.34,'2024-11-16','Pending'),(324,324,250.82,'2024-12-12','Paid'),(325,325,174.72,'2024-06-08','Pending'),(326,326,94.93,'2025-03-29','Overdue'),(327,327,85.10,'2024-05-20','Overdue'),(328,328,101.52,'2025-04-13','Pending'),(329,329,267.95,'2024-06-23','Paid'),(330,330,192.07,'2025-02-12','Overdue'),(331,331,147.06,'2024-09-06','Overdue'),(332,332,122.08,'2024-08-04','Pending'),(333,333,234.53,'2025-03-09','Pending'),(334,334,201.08,'2024-07-15','Pending'),(335,335,192.33,'2024-05-18','Pending'),(336,336,76.87,'2024-12-09','Paid'),(337,337,139.83,'2024-11-23','Pending'),(338,338,147.62,'2025-03-13','Overdue'),(339,339,289.90,'2024-07-21','Pending'),(340,340,72.62,'2024-06-06','Paid'),(341,341,143.76,'2025-03-11','Overdue'),(342,342,77.55,'2024-04-16','Overdue'),(343,343,102.90,'2025-02-27','Pending'),(344,344,239.24,'2024-07-09','Pending'),(345,345,208.13,'2024-08-25','Pending'),(346,346,196.89,'2024-12-19','Overdue'),(347,347,298.40,'2025-04-11','Overdue'),(348,348,257.81,'2025-01-02','Overdue'),(349,349,174.98,'2025-03-18','Pending'),(350,350,167.99,'2024-09-08','Overdue'),(351,351,179.99,'2025-02-16','Paid'),(352,352,163.72,'2024-06-05','Pending'),(353,353,228.15,'2025-02-14','Overdue'),(354,354,215.62,'2024-06-09','Pending'),(355,355,289.06,'2024-06-04','Paid'),(356,356,236.45,'2024-10-22','Pending'),(357,357,262.90,'2025-01-28','Overdue'),(358,358,270.05,'2025-01-03','Overdue'),(359,359,253.05,'2024-11-09','Pending'),(360,360,77.92,'2024-07-03','Paid'),(361,361,106.90,'2024-08-12','Overdue'),(362,362,291.46,'2025-01-20','Overdue'),(363,363,280.13,'2025-04-06','Pending'),(364,364,51.00,'2024-08-03','Pending'),(365,365,260.65,'2024-06-02','Pending'),(366,366,233.40,'2024-07-25','Overdue'),(367,367,61.50,'2025-01-21','Overdue'),(368,368,96.97,'2024-05-26','Overdue'),(369,369,85.07,'2024-07-24','Overdue'),(370,370,249.03,'2024-12-27','Overdue'),(371,371,226.13,'2025-02-10','Paid'),(372,372,121.77,'2025-02-23','Paid'),(373,373,296.04,'2025-01-26','Pending'),(374,374,133.16,'2024-05-15','Paid'),(375,375,293.81,'2024-06-03','Paid'),(376,376,195.80,'2024-08-23','Pending'),(377,377,251.70,'2024-05-11','Paid'),(378,378,160.66,'2024-12-08','Pending'),(379,379,145.39,'2024-05-08','Overdue'),(380,380,157.76,'2025-02-15','Pending'),(381,381,161.06,'2024-05-17','Pending'),(382,382,274.58,'2024-07-30','Overdue'),(383,383,74.58,'2024-11-07','Overdue'),(384,384,286.67,'2024-05-26','Pending'),(385,385,276.43,'2025-02-24','Overdue'),(386,386,202.14,'2024-11-07','Paid'),(387,387,230.19,'2024-10-22','Pending'),(388,388,176.61,'2025-02-07','Overdue'),(389,389,134.27,'2025-04-14','Pending'),(390,390,267.31,'2024-06-25','Overdue'),(391,391,269.32,'2024-07-31','Overdue'),(392,392,148.21,'2025-03-01','Overdue'),(393,393,55.93,'2025-02-24','Pending'),(394,394,82.94,'2025-04-02','Overdue'),(395,395,201.00,'2025-01-15','Paid'),(396,396,248.73,'2024-07-30','Paid'),(397,397,258.07,'2025-04-02','Overdue'),(398,398,298.90,'2025-02-09','Overdue'),(399,399,247.77,'2025-01-26','Pending'),(400,400,239.64,'2024-07-14','Overdue'),(401,401,266.45,'2024-08-05','Overdue'),(402,402,191.85,'2025-01-24','Pending'),(403,403,99.22,'2024-10-27','Pending'),(404,404,126.54,'2024-08-07','Overdue'),(405,405,167.63,'2024-05-02','Paid'),(406,406,195.70,'2025-01-25','Paid'),(407,407,225.80,'2024-08-24','Pending'),(408,408,173.06,'2025-01-02','Pending'),(409,409,98.26,'2024-06-29','Paid'),(410,410,180.23,'2024-04-20','Pending'),(411,411,246.24,'2024-05-14','Paid'),(412,412,57.58,'2024-11-16','Overdue'),(413,413,136.45,'2024-07-08','Pending'),(414,414,278.86,'2024-12-04','Overdue'),(415,415,249.38,'2024-08-30','Overdue'),(416,416,254.27,'2024-09-22','Pending'),(417,417,123.32,'2024-08-14','Overdue'),(418,418,93.07,'2024-12-20','Pending'),(419,419,127.13,'2025-03-22','Pending'),(420,420,268.02,'2024-06-27','Pending'),(421,421,201.94,'2025-02-11','Overdue'),(422,422,274.69,'2024-12-08','Pending'),(423,423,168.85,'2025-04-01','Overdue'),(424,424,256.79,'2024-12-05','Overdue'),(425,425,283.99,'2024-04-21','Paid'),(426,426,180.49,'2024-04-18','Pending'),(427,427,231.57,'2024-06-30','Paid'),(428,428,94.31,'2024-08-13','Pending'),(429,429,183.52,'2025-01-24','Overdue'),(430,430,158.61,'2025-03-15','Paid'),(431,431,129.28,'2024-06-16','Pending'),(432,432,61.96,'2024-07-25','Paid'),(433,433,183.65,'2024-10-14','Paid'),(434,434,151.59,'2024-04-12','Overdue'),(435,435,184.74,'2025-03-11','Pending'),(436,436,279.66,'2024-05-04','Overdue'),(437,437,146.72,'2024-08-12','Pending'),(438,438,257.66,'2024-06-16','Paid'),(439,439,295.71,'2025-01-22','Paid'),(440,440,204.62,'2024-12-28','Pending'),(441,441,237.81,'2025-03-23','Paid'),(442,442,146.65,'2025-03-23','Paid'),(443,443,113.01,'2024-11-27','Overdue'),(444,444,105.94,'2024-09-07','Pending'),(445,445,148.40,'2024-09-12','Pending'),(446,446,149.68,'2025-04-16','Paid'),(447,447,94.61,'2025-01-08','Overdue'),(448,448,191.62,'2024-04-22','Pending'),(449,449,207.23,'2025-01-23','Overdue'),(450,450,276.53,'2024-07-31','Pending'),(451,451,196.04,'2025-01-27','Overdue'),(452,452,119.49,'2025-01-09','Overdue'),(453,453,187.29,'2024-08-01','Pending'),(454,454,138.04,'2025-01-05','Pending'),(455,455,235.18,'2025-01-11','Overdue'),(456,456,58.39,'2024-10-16','Pending'),(457,457,89.49,'2025-01-30','Overdue'),(458,458,60.03,'2024-07-14','Overdue'),(459,459,157.33,'2024-07-17','Paid'),(460,460,276.35,'2024-12-23','Pending'),(461,461,128.29,'2025-02-05','Paid'),(462,462,223.71,'2025-03-25','Pending'),(463,463,289.90,'2024-06-28','Overdue'),(464,464,277.18,'2024-08-21','Overdue'),(465,465,120.64,'2024-08-16','Paid'),(466,466,201.19,'2024-11-04','Overdue'),(467,467,229.62,'2024-09-15','Pending'),(468,468,199.57,'2024-08-21','Pending'),(469,469,82.50,'2024-10-09','Paid'),(470,470,268.40,'2025-02-20','Overdue'),(471,471,167.01,'2025-01-25','Paid'),(472,472,94.97,'2024-07-31','Pending'),(473,473,204.88,'2024-07-01','Pending'),(474,474,242.98,'2024-11-27','Pending'),(475,475,222.73,'2024-11-03','Paid'),(476,476,255.38,'2025-02-06','Overdue'),(477,477,288.10,'2024-06-01','Pending'),(478,478,195.93,'2024-06-11','Paid'),(479,479,176.10,'2024-12-06','Overdue'),(480,480,191.30,'2024-06-03','Pending'),(481,481,78.13,'2025-01-03','Pending'),(482,482,270.03,'2024-04-28','Overdue'),(483,483,283.27,'2025-02-04','Overdue'),(484,484,249.70,'2025-02-18','Pending'),(485,485,172.12,'2025-04-03','Pending'),(486,486,202.45,'2025-03-29','Overdue'),(487,487,287.05,'2024-08-11','Paid'),(488,488,142.58,'2024-12-20','Overdue'),(489,489,96.33,'2024-06-09','Overdue'),(490,490,265.01,'2024-10-12','Paid'),(491,491,243.84,'2024-08-19','Overdue'),(492,492,270.12,'2024-06-04','Overdue'),(493,493,206.14,'2024-12-01','Paid'),(494,494,257.11,'2024-11-13','Overdue'),(495,495,65.46,'2025-02-11','Pending'),(496,496,114.33,'2025-01-05','Pending'),(497,497,267.67,'2025-03-02','Overdue'),(498,498,130.61,'2024-12-10','Overdue'),(499,499,281.65,'2024-07-10','Overdue'),(500,500,204.74,'2024-11-07','Overdue');
/*!40000 ALTER TABLE `payments` ENABLE KEYS */;
UNLOCK TABLES;

--
-- Table structure for table `prescriptions`
--

DROP TABLE IF EXISTS `prescriptions`;
/*!40101 SET @saved_cs_client     = @@character_set_client */;
/*!50503 SET character_set_client = utf8mb4 */;
CREATE TABLE `prescriptions` (
  `PrescriptionID` int(11) NOT NULL AUTO_INCREMENT,
  `PatientID` int(11) DEFAULT NULL,
  `DoctorID` int(11) DEFAULT NULL,
  `MedicineID` int(11) DEFAULT NULL,
  `Dosage` varchar(50) NOT NULL,
  `Quantity` int(11) NOT NULL CHECK (`Quantity` > 0),
  `PrescriptionDate` date NOT NULL,
  PRIMARY KEY (`PrescriptionID`),
  KEY `PatientID` (`PatientID`),
  KEY `DoctorID` (`DoctorID`),
  KEY `MedicineID` (`MedicineID`),
  CONSTRAINT `prescriptions_ibfk_1` FOREIGN KEY (`PatientID`) REFERENCES `patients` (`PatientID`) ON DELETE CASCADE,
  CONSTRAINT `prescriptions_ibfk_2` FOREIGN KEY (`DoctorID`) REFERENCES `doctors` (`DoctorID`) ON DELETE CASCADE,
  CONSTRAINT `prescriptions_ibfk_3` FOREIGN KEY (`MedicineID`) REFERENCES `medicines` (`MedicineID`) ON DELETE CASCADE
) ENGINE=InnoDB AUTO_INCREMENT=501 DEFAULT CHARSET=utf8mb4 COLLATE=utf8mb4_general_ci;
/*!40101 SET character_set_client = @saved_cs_client */;

--
-- Dumping data for table `prescriptions`
--

LOCK TABLES `prescriptions` WRITE;
/*!40000 ALTER TABLE `prescriptions` DISABLE KEYS */;
INSERT INTO `prescriptions` VALUES (1,228,2,3,'156mg',11,'2024-04-10'),(2,33,5,29,'161mg',30,'2024-09-17'),(3,254,11,9,'44mg',70,'2025-01-03'),(4,419,9,27,'42mg',40,'2024-08-05'),(5,143,11,11,'348mg',82,'2025-04-05'),(6,59,8,10,'36mg',13,'2024-11-11'),(7,293,6,30,'349mg',85,'2024-11-29'),(8,454,12,19,'235mg',88,'2025-02-16'),(9,224,15,9,'420mg',51,'2025-01-16'),(10,33,2,21,'70mg',90,'2024-04-19'),(11,40,5,6,'455mg',45,'2024-07-20'),(12,82,1,30,'46mg',40,'2024-09-11'),(13,201,14,1,'447mg',26,'2025-03-02'),(14,418,4,4,'171mg',56,'2025-03-16'),(15,191,8,29,'72mg',8,'2024-07-31'),(16,201,12,8,'394mg',81,'2024-04-13'),(17,422,2,26,'48mg',4,'2024-12-20'),(18,162,5,7,'95mg',29,'2024-08-25'),(19,495,1,23,'437mg',36,'2024-06-22'),(20,272,3,12,'373mg',38,'2024-09-19'),(21,69,8,28,'140mg',64,'2025-03-01'),(22,284,4,4,'472mg',72,'2024-07-06'),(23,307,14,27,'299mg',64,'2025-01-29'),(24,9,9,4,'470mg',38,'2025-01-29'),(25,279,14,12,'409mg',32,'2024-09-19'),(26,406,13,26,'8mg',94,'2024-12-20'),(27,439,9,23,'372mg',39,'2025-02-19'),(28,30,13,24,'23mg',34,'2025-01-12'),(29,425,8,24,'304mg',50,'2025-01-30'),(30,15,12,3,'496mg',64,'2025-02-04'),(31,462,9,3,'24mg',19,'2025-03-14'),(32,333,4,13,'455mg',90,'2025-03-13'),(33,60,14,21,'31mg',84,'2024-10-10'),(34,355,15,30,'43mg',30,'2024-06-11'),(35,429,2,18,'230mg',18,'2024-04-19'),(36,424,5,18,'365mg',74,'2025-03-03'),(37,155,12,16,'153mg',28,'2024-11-22'),(38,328,13,18,'117mg',4,'2025-01-24'),(39,361,7,6,'58mg',87,'2024-06-16'),(40,309,12,4,'488mg',18,'2025-02-17'),(41,53,2,29,'59mg',68,'2025-02-19'),(42,476,15,7,'160mg',89,'2024-05-05'),(43,319,8,18,'160mg',40,'2025-03-24'),(44,424,12,17,'44mg',49,'2024-08-10'),(45,275,12,21,'469mg',95,'2024-10-26'),(46,229,1,23,'470mg',7,'2025-04-05'),(47,295,5,25,'405mg',2,'2024-06-22'),(48,94,11,14,'457mg',78,'2024-05-09'),(49,28,8,16,'109mg',1,'2024-06-04'),(50,471,12,16,'443mg',90,'2025-02-18'),(51,302,2,14,'123mg',27,'2024-10-29'),(52,443,15,20,'25mg',67,'2024-09-29'),(53,211,10,23,'111mg',64,'2024-11-08'),(54,133,2,29,'301mg',14,'2024-05-31'),(55,412,1,28,'52mg',68,'2024-05-15'),(56,245,5,27,'420mg',50,'2024-04-19'),(57,203,4,10,'230mg',79,'2024-05-13'),(58,309,12,10,'485mg',97,'2025-01-16'),(59,71,12,23,'339mg',61,'2024-12-07'),(60,105,8,18,'419mg',19,'2025-01-07'),(61,108,1,14,'376mg',99,'2025-01-03'),(62,98,5,20,'213mg',78,'2025-02-23'),(63,418,8,26,'20mg',55,'2025-01-07'),(64,114,6,24,'243mg',57,'2025-04-05'),(65,30,11,3,'10mg',77,'2024-09-13'),(66,340,4,9,'55mg',24,'2024-11-07'),(67,357,3,5,'264mg',89,'2024-09-23'),(68,477,4,23,'159mg',13,'2024-08-27'),(69,134,3,18,'433mg',77,'2025-03-09'),(70,340,15,29,'175mg',46,'2024-05-07'),(71,120,2,13,'376mg',62,'2024-06-24'),(72,383,7,1,'216mg',48,'2024-12-24'),(73,468,7,1,'429mg',44,'2024-10-19'),(74,52,12,26,'489mg',53,'2024-09-19'),(75,302,14,21,'380mg',50,'2024-12-08'),(76,148,12,21,'306mg',18,'2024-09-13'),(77,121,15,22,'427mg',58,'2024-10-04'),(78,57,1,7,'123mg',87,'2024-11-26'),(79,470,4,1,'262mg',74,'2024-05-26'),(80,425,12,22,'197mg',50,'2024-06-07'),(81,272,5,9,'421mg',67,'2024-07-19'),(82,241,6,19,'454mg',2,'2024-08-25'),(83,385,11,18,'467mg',92,'2024-04-24'),(84,310,3,13,'208mg',17,'2024-12-05'),(85,34,7,27,'375mg',66,'2025-03-19'),(86,248,10,17,'482mg',77,'2025-03-04'),(87,239,13,9,'488mg',24,'2024-08-29'),(88,98,7,12,'36mg',28,'2025-04-04'),(89,374,5,29,'241mg',13,'2024-08-25'),(90,250,1,19,'411mg',13,'2024-09-25'),(91,480,8,17,'440mg',79,'2024-11-30'),(92,48,2,17,'409mg',67,'2024-09-05'),(93,131,5,11,'388mg',20,'2024-10-09'),(94,102,4,12,'371mg',91,'2024-06-27'),(95,444,7,6,'234mg',15,'2024-05-23'),(96,233,5,14,'113mg',46,'2025-01-07'),(97,267,12,16,'69mg',56,'2025-01-22'),(98,367,7,23,'385mg',49,'2025-01-13'),(99,108,5,30,'290mg',11,'2024-09-19'),(100,3,13,1,'285mg',33,'2024-10-08'),(101,259,6,19,'232mg',25,'2025-02-23'),(102,467,6,20,'109mg',42,'2024-05-25'),(103,36,14,7,'132mg',2,'2024-10-03'),(104,274,9,5,'242mg',47,'2024-05-20'),(105,429,3,6,'377mg',89,'2024-12-20'),(106,172,14,30,'231mg',6,'2025-03-24'),(107,373,13,17,'167mg',97,'2024-05-08'),(108,360,4,13,'62mg',67,'2024-07-09'),(109,311,9,21,'286mg',8,'2024-07-22'),(110,67,1,26,'323mg',31,'2024-04-13'),(111,390,9,3,'208mg',66,'2024-06-06'),(112,123,4,17,'46mg',59,'2025-03-09'),(113,444,12,17,'91mg',69,'2024-10-02'),(114,188,9,18,'22mg',93,'2024-07-22'),(115,310,8,26,'181mg',82,'2025-02-03'),(116,290,8,4,'488mg',6,'2024-11-09'),(117,61,9,11,'109mg',63,'2024-09-30'),(118,284,4,8,'111mg',43,'2024-08-09'),(119,425,5,14,'291mg',71,'2025-02-18'),(120,451,9,28,'357mg',64,'2024-09-18'),(121,13,1,18,'217mg',67,'2025-04-04'),(122,347,11,30,'184mg',81,'2024-08-30'),(123,76,1,26,'206mg',98,'2024-07-21'),(124,194,13,23,'99mg',77,'2024-11-24'),(125,399,5,18,'211mg',35,'2025-01-30'),(126,300,9,12,'47mg',89,'2024-05-04'),(127,370,2,21,'251mg',23,'2024-11-17'),(128,131,1,16,'51mg',13,'2024-08-16'),(129,17,6,29,'338mg',91,'2025-01-24'),(130,10,8,28,'85mg',87,'2024-06-10'),(131,244,13,19,'252mg',75,'2025-01-13'),(132,320,7,6,'84mg',91,'2024-10-05'),(133,278,15,17,'78mg',37,'2024-11-01'),(134,139,4,4,'345mg',92,'2025-02-06'),(135,32,3,4,'314mg',48,'2024-04-25'),(136,64,1,27,'287mg',44,'2024-05-02'),(137,340,3,12,'34mg',10,'2025-01-05'),(138,393,1,2,'224mg',4,'2025-03-04'),(139,459,6,8,'170mg',13,'2024-12-29'),(140,435,15,4,'208mg',53,'2025-01-09'),(141,178,15,2,'357mg',95,'2024-12-21'),(142,79,1,10,'317mg',34,'2025-01-19'),(143,38,6,21,'342mg',58,'2025-01-29'),(144,319,12,3,'53mg',25,'2024-06-21'),(145,271,9,25,'246mg',96,'2024-12-31'),(146,355,15,7,'411mg',100,'2024-07-12'),(147,93,6,15,'478mg',33,'2024-09-05'),(148,64,5,1,'165mg',93,'2024-04-15'),(149,491,13,4,'220mg',56,'2025-03-09'),(150,193,10,9,'235mg',8,'2025-03-25'),(151,131,15,27,'412mg',92,'2024-12-31'),(152,30,11,15,'182mg',98,'2024-04-17'),(153,426,12,21,'37mg',48,'2025-01-13'),(154,368,10,10,'23mg',54,'2024-12-20'),(155,198,14,14,'256mg',99,'2024-12-19'),(156,460,9,2,'310mg',4,'2024-11-06'),(157,133,2,30,'355mg',98,'2024-12-18'),(158,40,9,25,'384mg',20,'2024-11-23'),(159,28,4,29,'184mg',16,'2024-09-03'),(160,202,8,17,'234mg',65,'2024-11-01'),(161,249,10,9,'282mg',77,'2024-07-12'),(162,396,4,14,'171mg',26,'2025-03-28'),(163,410,1,13,'16mg',45,'2025-01-04'),(164,395,7,22,'404mg',7,'2024-12-10'),(165,52,1,24,'257mg',94,'2025-04-01'),(166,381,10,18,'264mg',77,'2024-09-07'),(167,295,4,11,'349mg',68,'2024-06-13'),(168,369,3,29,'260mg',1,'2025-02-25'),(169,80,10,7,'33mg',56,'2024-07-27'),(170,52,14,14,'322mg',39,'2024-07-29'),(171,324,14,4,'203mg',14,'2024-07-21'),(172,226,3,11,'54mg',3,'2024-09-04'),(173,10,5,5,'50mg',8,'2025-04-04'),(174,155,5,24,'433mg',39,'2025-03-17'),(175,101,8,19,'251mg',65,'2024-09-30'),(176,406,6,26,'23mg',89,'2024-05-16'),(177,313,2,17,'141mg',94,'2025-04-02'),(178,170,13,7,'328mg',71,'2024-05-04'),(179,399,2,26,'372mg',69,'2024-08-10'),(180,475,7,19,'129mg',73,'2025-02-21'),(181,55,6,4,'174mg',57,'2024-06-09'),(182,456,1,9,'292mg',41,'2025-02-01'),(183,370,8,4,'271mg',34,'2025-03-29'),(184,289,10,28,'319mg',25,'2024-08-15'),(185,357,6,27,'113mg',47,'2024-08-03'),(186,78,10,25,'105mg',73,'2024-07-29'),(187,8,13,9,'219mg',98,'2024-11-19'),(188,335,10,4,'322mg',71,'2024-07-27'),(189,464,6,27,'437mg',53,'2024-10-07'),(190,221,4,1,'218mg',3,'2024-11-11'),(191,80,13,27,'476mg',69,'2024-04-21'),(192,393,9,13,'44mg',74,'2025-01-28'),(193,184,13,20,'208mg',42,'2025-02-27'),(194,163,5,27,'25mg',36,'2024-09-04'),(195,480,14,7,'212mg',78,'2025-03-30'),(196,495,10,14,'433mg',9,'2024-11-23'),(197,241,4,14,'230mg',85,'2025-04-06'),(198,342,9,4,'22mg',79,'2025-01-06'),(199,145,8,8,'427mg',64,'2024-10-10'),(200,86,3,30,'334mg',19,'2025-02-04'),(201,163,3,23,'176mg',55,'2024-12-02'),(202,77,6,12,'266mg',100,'2025-03-02'),(203,196,3,12,'397mg',52,'2025-04-05'),(204,1,11,14,'152mg',96,'2024-07-15'),(205,482,10,26,'355mg',27,'2025-03-26'),(206,327,4,2,'113mg',15,'2024-10-09'),(207,172,5,3,'232mg',61,'2025-02-22'),(208,394,13,30,'164mg',75,'2024-10-08'),(209,357,15,11,'165mg',92,'2024-09-21'),(210,79,6,22,'162mg',83,'2024-10-30'),(211,298,7,7,'334mg',18,'2024-11-23'),(212,183,2,9,'357mg',10,'2024-09-14'),(213,281,10,5,'485mg',31,'2025-03-19'),(214,72,12,18,'101mg',17,'2025-03-22'),(215,405,4,28,'32mg',30,'2024-07-06'),(216,391,5,24,'395mg',82,'2024-04-10'),(217,341,13,11,'337mg',42,'2024-08-24'),(218,246,1,14,'233mg',50,'2025-02-14'),(219,195,5,3,'497mg',71,'2024-04-20'),(220,292,12,20,'297mg',74,'2024-06-16'),(221,487,13,8,'83mg',15,'2024-09-26'),(222,33,1,22,'371mg',2,'2024-06-07'),(223,210,8,4,'91mg',49,'2024-07-15'),(224,45,14,26,'270mg',71,'2025-03-24'),(225,40,1,1,'405mg',47,'2025-02-21'),(226,306,2,4,'448mg',80,'2024-04-25'),(227,344,9,24,'470mg',86,'2024-06-08'),(228,306,9,28,'32mg',48,'2024-05-05'),(229,325,13,12,'131mg',1,'2025-02-04'),(230,154,3,2,'410mg',20,'2024-08-27'),(231,312,3,28,'274mg',82,'2024-06-21'),(232,292,15,19,'96mg',80,'2024-09-12'),(233,80,10,10,'137mg',73,'2024-10-07'),(234,201,8,12,'8mg',68,'2025-04-02'),(235,255,2,4,'160mg',75,'2024-07-31'),(236,210,13,7,'406mg',72,'2024-09-17'),(237,457,2,23,'244mg',26,'2025-01-28'),(238,337,15,25,'179mg',58,'2024-09-03'),(239,4,2,3,'88mg',74,'2024-11-10'),(240,235,5,18,'18mg',3,'2024-05-23'),(241,315,6,4,'241mg',15,'2024-08-18'),(242,119,11,30,'386mg',81,'2025-01-05'),(243,441,3,15,'272mg',57,'2025-03-11'),(244,409,10,26,'369mg',73,'2025-02-03'),(245,81,2,19,'30mg',5,'2024-10-05'),(246,34,11,27,'209mg',58,'2024-08-31'),(247,425,14,28,'171mg',59,'2024-08-12'),(248,453,8,17,'336mg',31,'2024-11-20'),(249,99,11,18,'180mg',92,'2024-09-04'),(250,121,1,12,'56mg',62,'2025-02-04'),(251,73,5,24,'208mg',76,'2024-05-22'),(252,244,9,12,'30mg',78,'2024-11-05'),(253,346,3,14,'102mg',91,'2024-05-19'),(254,146,15,26,'45mg',73,'2024-05-26'),(255,318,8,3,'446mg',47,'2024-05-05'),(256,362,12,28,'137mg',1,'2024-07-23'),(257,373,7,8,'500mg',58,'2025-01-15'),(258,209,13,19,'257mg',55,'2024-08-01'),(259,88,2,20,'244mg',41,'2024-12-14'),(260,94,7,23,'339mg',85,'2024-05-23'),(261,199,4,6,'428mg',10,'2024-08-31'),(262,43,4,2,'350mg',9,'2024-07-28'),(263,381,9,27,'423mg',26,'2024-08-01'),(264,159,5,14,'53mg',70,'2024-07-01'),(265,181,14,5,'158mg',73,'2024-05-17'),(266,41,11,30,'89mg',69,'2024-05-31'),(267,15,11,25,'25mg',27,'2024-12-10'),(268,144,12,10,'195mg',10,'2024-07-10'),(269,254,13,13,'304mg',89,'2024-09-25'),(270,233,6,12,'311mg',100,'2024-11-24'),(271,469,13,19,'86mg',15,'2025-04-09'),(272,315,11,14,'372mg',96,'2024-06-25'),(273,371,1,22,'491mg',47,'2025-03-06'),(274,24,13,14,'417mg',60,'2025-03-23'),(275,59,8,9,'130mg',20,'2024-07-25'),(276,436,13,29,'92mg',49,'2024-08-03'),(277,169,10,24,'306mg',58,'2024-09-04'),(278,385,9,2,'149mg',18,'2024-10-19'),(279,317,3,21,'415mg',88,'2024-04-23'),(280,128,2,9,'96mg',37,'2024-11-02'),(281,309,11,20,'22mg',9,'2024-07-13'),(282,111,10,5,'230mg',44,'2024-11-28'),(283,274,11,12,'237mg',69,'2024-09-07'),(284,434,15,7,'219mg',21,'2024-12-18'),(285,190,12,13,'396mg',28,'2024-12-10'),(286,167,6,10,'477mg',65,'2024-05-28'),(287,69,3,5,'204mg',25,'2024-11-14'),(288,273,6,1,'55mg',94,'2024-04-28'),(289,271,7,9,'53mg',8,'2025-03-20'),(290,252,1,3,'60mg',21,'2024-11-13'),(291,280,13,13,'372mg',5,'2024-07-18'),(292,167,7,22,'319mg',23,'2024-10-04'),(293,135,11,27,'266mg',78,'2024-05-04'),(294,387,15,21,'322mg',4,'2024-10-11'),(295,353,2,11,'169mg',34,'2024-07-18'),(296,485,13,7,'477mg',72,'2025-03-19'),(297,487,4,25,'135mg',72,'2024-05-19'),(298,394,6,20,'157mg',50,'2025-01-03'),(299,107,5,19,'89mg',12,'2024-07-07'),(300,93,2,14,'179mg',91,'2024-05-25'),(301,377,3,22,'130mg',36,'2025-01-12'),(302,39,8,16,'254mg',96,'2024-05-03'),(303,385,11,15,'446mg',73,'2024-11-11'),(304,462,3,21,'321mg',13,'2025-01-11'),(305,15,14,13,'403mg',80,'2025-01-22'),(306,389,2,26,'96mg',87,'2024-05-08'),(307,10,1,1,'481mg',40,'2024-11-19'),(308,161,3,20,'245mg',73,'2024-04-30'),(309,138,6,24,'301mg',66,'2024-12-18'),(310,430,6,27,'44mg',4,'2024-10-07'),(311,343,15,14,'384mg',77,'2024-09-26'),(312,303,5,26,'41mg',94,'2024-10-07'),(313,245,4,15,'271mg',70,'2025-03-29'),(314,272,10,22,'122mg',45,'2024-12-17'),(315,464,7,11,'464mg',18,'2025-02-08'),(316,462,1,20,'127mg',15,'2025-02-03'),(317,279,9,14,'491mg',32,'2024-10-30'),(318,348,15,29,'206mg',12,'2025-01-25'),(319,376,7,16,'433mg',15,'2024-05-15'),(320,494,7,5,'177mg',84,'2024-11-23'),(321,33,13,9,'144mg',6,'2024-10-08'),(322,29,13,17,'134mg',57,'2024-11-21'),(323,268,10,15,'261mg',53,'2024-11-12'),(324,7,13,11,'202mg',17,'2024-12-02'),(325,174,11,22,'264mg',25,'2024-06-08'),(326,24,14,16,'64mg',21,'2025-03-25'),(327,473,5,7,'497mg',52,'2024-05-17'),(328,313,2,1,'337mg',27,'2025-04-05'),(329,129,11,23,'115mg',22,'2024-06-16'),(330,360,6,10,'241mg',10,'2025-02-11'),(331,335,8,4,'464mg',26,'2024-08-30'),(332,26,2,22,'235mg',38,'2024-08-01'),(333,388,4,4,'159mg',69,'2025-03-08'),(334,100,8,23,'433mg',20,'2024-07-06'),(335,481,13,6,'336mg',24,'2024-05-12'),(336,350,13,8,'355mg',38,'2024-12-04'),(337,314,5,7,'143mg',13,'2024-11-14'),(338,167,10,1,'420mg',94,'2025-03-04'),(339,208,12,1,'355mg',2,'2024-07-18'),(340,47,15,23,'349mg',16,'2024-05-29'),(341,254,6,16,'312mg',42,'2025-03-01'),(342,485,7,26,'483mg',80,'2024-04-12'),(343,198,7,27,'379mg',42,'2025-02-24'),(344,158,11,8,'322mg',37,'2024-07-08'),(345,173,10,15,'382mg',5,'2024-08-18'),(346,323,13,26,'145mg',46,'2024-12-12'),(347,20,3,5,'199mg',43,'2025-04-10'),(348,403,7,8,'272mg',10,'2024-12-31'),(349,196,15,15,'430mg',24,'2025-03-11'),(350,253,12,25,'206mg',99,'2024-09-08'),(351,404,11,28,'98mg',35,'2025-02-09'),(352,11,2,15,'148mg',92,'2024-06-01'),(353,249,8,11,'46mg',88,'2025-02-13'),(354,495,4,14,'87mg',10,'2024-06-04'),(355,115,8,30,'45mg',53,'2024-05-25'),(356,343,7,24,'292mg',21,'2024-10-14'),(357,300,1,1,'343mg',67,'2025-01-22'),(358,122,13,15,'67mg',85,'2024-12-28'),(359,484,13,29,'136mg',99,'2024-11-04'),(360,407,8,10,'23mg',81,'2024-06-25'),(361,77,15,13,'394mg',97,'2024-08-08'),(362,114,15,28,'313mg',65,'2025-01-18'),(363,259,14,7,'188mg',80,'2025-04-02'),(364,7,11,15,'428mg',3,'2024-08-03'),(365,253,10,11,'182mg',17,'2024-05-28'),(366,366,3,10,'488mg',83,'2024-07-18'),(367,375,2,3,'319mg',19,'2025-01-19'),(368,83,15,10,'489mg',83,'2024-05-16'),(369,214,8,18,'87mg',6,'2024-07-21'),(370,445,2,14,'419mg',29,'2024-12-21'),(371,46,4,29,'15mg',52,'2025-02-01'),(372,57,8,8,'114mg',91,'2025-02-15'),(373,153,1,9,'118mg',92,'2025-01-23'),(374,122,1,21,'322mg',13,'2024-05-09'),(375,104,8,25,'43mg',26,'2024-06-03'),(376,131,10,6,'367mg',37,'2024-08-14'),(377,102,8,10,'464mg',98,'2024-05-02'),(378,239,12,3,'202mg',51,'2024-12-08'),(379,175,2,17,'480mg',63,'2024-05-08'),(380,1,9,19,'268mg',67,'2025-02-09'),(381,51,6,9,'390mg',41,'2024-05-08'),(382,200,6,13,'340mg',94,'2024-07-30'),(383,286,6,27,'223mg',82,'2024-11-03'),(384,233,3,22,'471mg',73,'2024-05-26'),(385,179,7,12,'91mg',89,'2025-02-18'),(386,300,9,20,'67mg',54,'2024-11-05'),(387,116,2,17,'159mg',87,'2024-10-15'),(388,421,11,22,'434mg',2,'2025-02-05'),(389,265,6,5,'116mg',31,'2025-04-10'),(390,72,4,13,'161mg',14,'2024-06-18'),(391,498,13,14,'376mg',100,'2024-07-31'),(392,33,9,20,'35mg',4,'2025-02-28'),(393,17,10,19,'381mg',55,'2025-02-16'),(394,210,14,8,'361mg',2,'2025-03-25'),(395,64,10,5,'381mg',95,'2025-01-05'),(396,99,3,4,'299mg',41,'2024-07-30'),(397,24,10,18,'279mg',30,'2025-03-30'),(398,306,9,1,'85mg',40,'2025-01-30'),(399,451,15,2,'377mg',35,'2025-01-23'),(400,252,10,5,'477mg',53,'2024-07-13'),(401,75,13,24,'376mg',31,'2024-07-30'),(402,270,15,8,'289mg',43,'2025-01-23'),(403,219,2,16,'247mg',22,'2024-10-20'),(404,480,5,21,'336mg',33,'2024-07-31'),(405,173,11,14,'444mg',12,'2024-04-30'),(406,364,3,22,'291mg',43,'2025-01-18'),(407,380,10,5,'246mg',28,'2024-08-22'),(408,473,11,17,'288mg',38,'2025-01-02'),(409,482,5,11,'147mg',79,'2024-06-21'),(410,348,7,26,'256mg',49,'2024-04-13'),(411,146,15,4,'296mg',90,'2024-05-11'),(412,28,12,17,'100mg',82,'2024-11-12'),(413,299,5,2,'80mg',94,'2024-07-04'),(414,411,12,16,'315mg',21,'2024-12-04'),(415,233,14,28,'214mg',51,'2024-08-25'),(416,284,10,7,'427mg',81,'2024-09-14'),(417,418,3,30,'188mg',42,'2024-08-04'),(418,255,7,23,'217mg',92,'2024-12-10'),(419,93,15,30,'178mg',66,'2025-03-14'),(420,186,5,15,'421mg',37,'2024-06-19'),(421,409,10,10,'325mg',66,'2025-02-09'),(422,60,7,14,'56mg',58,'2024-12-02'),(423,103,15,28,'345mg',69,'2025-03-28'),(424,397,4,17,'373mg',63,'2024-11-28'),(425,344,13,20,'142mg',7,'2024-04-17'),(426,255,3,8,'371mg',92,'2024-04-17'),(427,467,5,12,'289mg',79,'2024-06-21'),(428,153,14,28,'473mg',7,'2024-08-10'),(429,281,2,8,'95mg',71,'2025-01-23'),(430,259,11,29,'473mg',49,'2025-03-14'),(431,277,7,26,'356mg',2,'2024-06-10'),(432,8,8,22,'218mg',28,'2024-07-24'),(433,193,13,19,'396mg',18,'2024-10-07'),(434,334,8,6,'353mg',74,'2024-04-11'),(435,458,11,2,'86mg',9,'2025-03-09'),(436,60,13,27,'298mg',74,'2024-05-01'),(437,14,12,29,'382mg',27,'2024-08-11'),(438,451,15,12,'256mg',37,'2024-06-06'),(439,88,4,5,'256mg',76,'2025-01-12'),(440,421,6,26,'75mg',8,'2024-12-19'),(441,431,13,20,'478mg',95,'2025-03-13'),(442,123,13,22,'332mg',62,'2025-03-19'),(443,121,1,2,'92mg',13,'2024-11-22'),(444,446,2,24,'376mg',83,'2024-08-28'),(445,127,13,10,'188mg',18,'2024-09-11'),(446,323,10,12,'347mg',15,'2025-04-06'),(447,137,4,27,'129mg',45,'2025-01-02'),(448,317,15,9,'285mg',67,'2024-04-20'),(449,381,8,15,'442mg',24,'2025-01-13'),(450,95,13,8,'89mg',57,'2024-07-29'),(451,97,5,1,'119mg',27,'2025-01-20'),(452,168,10,3,'201mg',7,'2025-01-08'),(453,383,13,12,'433mg',32,'2024-07-22'),(454,453,8,18,'468mg',47,'2024-12-26'),(455,217,13,20,'208mg',62,'2025-01-07'),(456,353,10,16,'360mg',99,'2024-10-16'),(457,209,3,16,'282mg',30,'2025-01-26'),(458,50,4,17,'318mg',77,'2024-07-06'),(459,429,4,6,'219mg',2,'2024-07-15'),(460,9,15,10,'222mg',12,'2024-12-16'),(461,276,10,28,'284mg',86,'2025-01-31'),(462,476,4,4,'129mg',5,'2025-03-17'),(463,331,4,1,'175mg',90,'2024-06-27'),(464,191,6,1,'405mg',91,'2024-08-11'),(465,338,5,13,'498mg',63,'2024-08-07'),(466,380,2,9,'440mg',16,'2024-11-01'),(467,396,1,1,'198mg',66,'2024-09-09'),(468,303,5,20,'411mg',24,'2024-08-12'),(469,315,7,23,'286mg',22,'2024-10-01'),(470,302,10,15,'238mg',55,'2025-02-14'),(471,33,7,26,'154mg',82,'2025-01-17'),(472,279,1,4,'399mg',32,'2024-07-25'),(473,81,7,12,'56mg',21,'2024-07-01'),(474,385,10,9,'442mg',84,'2024-11-18'),(475,83,4,3,'10mg',71,'2024-10-29'),(476,241,6,28,'254mg',22,'2025-02-02'),(477,6,6,7,'242mg',39,'2024-05-31'),(478,427,5,22,'279mg',53,'2024-06-10'),(479,24,4,12,'414mg',39,'2024-12-02'),(480,13,6,6,'154mg',56,'2024-05-29'),(481,88,4,14,'228mg',88,'2024-12-27'),(482,437,13,9,'197mg',8,'2024-04-24'),(483,122,12,27,'197mg',76,'2025-02-02'),(484,192,9,10,'218mg',42,'2025-02-16'),(485,470,8,27,'188mg',78,'2025-03-31'),(486,134,4,21,'329mg',38,'2025-03-25'),(487,494,2,13,'12mg',75,'2024-08-10'),(488,1,10,8,'120mg',90,'2024-12-16'),(489,110,14,6,'42mg',66,'2024-06-05'),(490,400,3,10,'404mg',80,'2024-10-09'),(491,395,6,25,'489mg',20,'2024-08-12'),(492,148,10,13,'336mg',17,'2024-05-26'),(493,147,13,5,'225mg',95,'2024-12-01'),(494,371,5,16,'277mg',95,'2024-11-09'),(495,162,6,9,'117mg',74,'2025-02-05'),(496,445,6,7,'128mg',27,'2025-01-03'),(497,163,5,13,'363mg',59,'2025-02-20'),(498,271,7,10,'104mg',46,'2024-12-04'),(499,188,12,17,'24mg',35,'2024-07-10'),(500,156,7,23,'235mg',61,'2024-11-04');
/*!40000 ALTER TABLE `prescriptions` ENABLE KEYS */;
UNLOCK TABLES;

--
-- Dumping routines for database 'clinicappointmentsystem'
--
/*!40103 SET TIME_ZONE=@OLD_TIME_ZONE */;

/*!40101 SET SQL_MODE=@OLD_SQL_MODE */;
/*!40014 SET FOREIGN_KEY_CHECKS=@OLD_FOREIGN_KEY_CHECKS */;
/*!40014 SET UNIQUE_CHECKS=@OLD_UNIQUE_CHECKS */;
/*!40101 SET CHARACTER_SET_CLIENT=@OLD_CHARACTER_SET_CLIENT */;
/*!40101 SET CHARACTER_SET_RESULTS=@OLD_CHARACTER_SET_RESULTS */;
/*!40101 SET COLLATION_CONNECTION=@OLD_COLLATION_CONNECTION */;
/*!40111 SET SQL_NOTES=@OLD_SQL_NOTES */;

-- Dump completed on 2025-04-11 22:55:40
